Date,Portfolio_Value,Bank,Equity
2014-07-01,1000.0,11000.0,12000.0
2014-07-02,1021.63,11000.0,12021.63
2014-07-03,1034.01,11000.0,12034.01
2014-07-04,1042.35,11000.0,12042.35
2014-07-07,1042.68,11000.0,12042.68
2014-07-08,1009.13,11000.0,12009.13
2014-07-09,1011.42,11000.0,12011.42
2014-07-10,1021.33,11000.0,12021.33
2014-07-11,1008.07,11000.0,12008.07
2014-07-14,1007.98,11000.0,12007.98
2014-07-15,1023.57,11000.0,12023.57
2014-07-16,1029.18,11000.0,12029.18
2014-07-17,1064.85,11000.0,12064.85
2014-07-18,1053.87,11000.0,12053.869999999999
2014-07-21,1055.1,11000.0,12055.1
2014-07-22,1059.94,11000.0,12059.94
2014-07-23,1100.09,11000.0,12100.09
2014-07-24,1134.43,11000.0,12134.43
2014-07-25,1093.79,11000.0,12093.79
2014-07-28,1074.04,11000.0,12074.04
2014-07-30,1056.52,11000.0,12056.52
2014-07-31,1069.21,11000.0,12069.21
2014-08-01,2114.73,10000.0,12114.73
2014-08-04,2132.76,10000.0,12132.76
2014-08-05,2198.45,10000.0,12198.45
2014-08-06,2191.76,10000.0,12191.76
2014-08-07,2183.98,10000.0,12183.98
2014-08-08,2180.2,10000.0,12180.2
2014-08-11,2193.07,10000.0,12193.07
2014-08-12,2213.95,10000.0,12213.95
2014-08-13,2212.59,10000.0,12212.59
2014-08-14,2228.81,10000.0,12228.81
2014-08-18,2258.43,10000.0,12258.43
2014-08-19,2314.94,10000.0,12314.94
2014-08-20,2360.92,10000.0,12360.92
2014-08-21,2386.71,10000.0,12386.71
2014-08-22,2373.49,10000.0,12373.49
2014-08-25,2380.73,10000.0,12380.73
2014-08-26,2442.28,10000.0,12442.28
2014-08-27,2535.59,10000.0,12535.59
2014-08-28,2472.51,10000.0,12472.51
2014-09-01,3452.27,9000.0,12452.27
2014-09-02,3448.11,9000.0,12448.11
2014-09-03,3491.4,9000.0,12491.4
2014-09-04,3461.69,9000.0,12461.69
2014-09-05,3464.82,9000.0,12464.82
2014-09-08,3601.66,9000.0,12601.66
2014-09-09,3663.8,9000.0,12663.8
2014-09-10,3657.41,9000.0,12657.41
2014-09-11,3718.28,9000.0,12718.28
2014-09-12,3747.18,9000.0,12747.18
2014-09-15,3714.23,9000.0,12714.23
2014-09-16,3619.07,9000.0,12619.07
2014-09-17,3616.7,9000.0,12616.7
2014-09-18,3685.11,9000.0,12685.11
2014-09-19,3754.83,9000.0,12754.83
2014-09-22,3763.22,9000.0,12763.22
2014-09-23,3725.15,9000.0,12725.15
2014-09-24,3672.22,9000.0,12672.22
2014-09-25,3590.63,9000.0,12590.630000000001
2014-09-26,3608.07,9000.0,12608.07
2014-09-29,3663.17,9000.0,12663.17
2014-09-30,3751.67,9000.0,12751.67
2014-10-01,4820.76,8000.0,12820.76
2014-10-07,4730.82,8000.0,12730.82
2014-10-08,4806.79,8000.0,12806.79
2014-10-09,4853.24,8000.0,12853.24
2014-10-10,4787.85,8000.0,12787.85
2014-10-13,4748.31,8000.0,12748.310000000001
2014-10-14,4740.38,8000.0,12740.380000000001
2014-10-16,4694.85,8000.0,12694.85
2014-10-17,4656.5,8000.0,12656.5
2014-10-20,4748.15,8000.0,12748.15
2014-10-21,4809.03,8000.0,12809.029999999999
2014-10-22,4856.37,8000.0,12856.369999999999
2014-10-23,4856.37,8000.0,12856.369999999999
2014-10-27,4945.53,8000.0,12945.529999999999
2014-10-28,4974.31,8000.0,12974.310000000001
2014-10-29,4967.46,8000.0,12967.46
2014-10-30,5005.99,8000.0,13005.99
2014-10-31,5036.29,8000.0,13036.29
2014-11-03,6101.86,7000.0,13101.86
2014-11-05,6190.1,7000.0,13190.1
2014-11-07,6285.63,7000.0,13285.630000000001
2014-11-10,6263.71,7000.0,13263.71
2014-11-11,6298.46,7000.0,13298.46
2014-11-12,6382.48,7000.0,13382.48
2014-11-13,6330.91,7000.0,13330.91
2014-11-14,6343.85,7000.0,13343.85
2014-11-17,6606.16,7000.0,13606.16
2014-11-18,6485.38,7000.0,13485.380000000001
2014-11-19,6313.79,7000.0,13313.79
2014-11-20,6365.15,7000.0,13365.15
2014-11-21,6338.77,7000.0,13338.77
2014-11-24,6322.97,7000.0,13322.970000000001
2014-11-25,6223.01,7000.0,13223.01
2014-11-26,6199.73,7000.0,13199.73
2014-11-27,6223.74,7000.0,13223.74
2014-11-28,6285.9,7000.0,13285.9
2014-12-01,7329.96,6000.0,13329.96
2014-12-02,7439.32,6000.0,13439.32
2014-12-03,7388.14,6000.0,13388.14
2014-12-04,7405.78,6000.0,13405.779999999999
2014-12-05,7473.96,6000.0,13473.96
2014-12-08,7456.78,6000.0,13456.779999999999
2014-12-09,7397.49,6000.0,13397.49
2014-12-10,7395.6,6000.0,13395.6
2014-12-11,7526.29,6000.0,13526.29
2014-12-12,7522.83,6000.0,13522.83
2014-12-15,7617.55,6000.0,13617.55
2014-12-16,7300.24,6000.0,13300.24
2014-12-17,7264.7,6000.0,13264.7
2014-12-18,7430.32,6000.0,13430.32
2014-12-19,7542.54,6000.0,13542.54
2014-12-22,7522.9,6000.0,13522.9
2014-12-23,7704.45,6000.0,13704.45
2014-12-24,7692.02,6000.0,13692.02
2014-12-26,7692.5,6000.0,13692.5
2014-12-29,7790.24,6000.0,13790.24
2014-12-30,7732.62,6000.0,13732.619999999999
2014-12-31,7793.19,6000.0,13793.189999999999
2015-01-01,9290.98,5000.0,14290.98
2015-01-02,9380.84,5000.0,14380.84
2015-01-05,9370.5,5000.0,14370.5
2015-01-06,9227.39,5000.0,14227.39
2015-01-07,9315.15,5000.0,14315.15
2015-01-08,9355.28,5000.0,14355.28
2015-01-09,9497.94,5000.0,14497.94
2015-01-12,9425.42,5000.0,14425.42
2015-01-13,9534.96,5000.0,14534.96
2015-01-14,9958.5,5000.0,14958.5
2015-01-15,10145.72,5000.0,15145.72
2015-01-16,10315.84,5000.0,15315.84
2015-01-19,10324.41,5000.0,15324.41
2015-01-20,10517.18,5000.0,15517.18
2015-01-21,10511.01,5000.0,15511.01
2015-01-22,10538.33,5000.0,15538.33
2015-01-23,10507.45,5000.0,15507.45
2015-01-27,10908.54,5000.0,15908.54
2015-01-28,11162.38,5000.0,16162.38
2015-01-29,10908.21,5000.0,15908.21
2015-01-30,10777.5,5000.0,15777.5
2015-02-02,12011.89,4000.0,16011.89
2015-02-03,12109.16,4000.0,16109.16
2015-02-04,12008.57,4000.0,16008.57
2015-02-05,12082.08,4000.0,16082.08
2015-02-06,11904.41,4000.0,15904.41
2015-02-09,11826.63,4000.0,15826.63
2015-02-10,11905.79,4000.0,15905.79
2015-02-11,12132.65,4000.0,16132.65
2015-02-12,12293.11,4000.0,16293.11
2015-02-13,12377.92,4000.0,16377.92
2015-02-16,12490.35,4000.0,16490.35
2015-02-18,12456.66,4000.0,16456.66
2015-02-19,12293.14,4000.0,16293.14
2015-02-20,12203.95,4000.0,16203.95
2015-02-23,12134.4,4000.0,16134.4
2015-02-24,12111.27,4000.0,16111.27
2015-02-25,12184.49,4000.0,16184.49
2015-02-26,12073.53,4000.0,16073.53
2015-02-27,12274.73,4000.0,16274.73
2015-03-02,13235.76,3000.0,16235.76
2015-03-03,13303.9,3000.0,16303.9
2015-03-04,13136.39,3000.0,16136.39
2015-03-05,13177.46,3000.0,16177.46
2015-03-09,13261.47,3000.0,16261.47
2015-03-10,13551.9,3000.0,16551.9
2015-03-11,13484.1,3000.0,16484.1
2015-03-12,13675.76,3000.0,16675.760000000002
2015-03-13,13776.68,3000.0,16776.68
2015-03-16,13520.64,3000.0,16520.64
2015-03-17,13786.71,3000.0,16786.71
2015-03-18,13953.97,3000.0,16953.97
2015-03-19,13814.06,3000.0,16814.059999999998
2015-03-20,13374.61,3000.0,16374.61
2015-03-23,13131.84,3000.0,16131.84
2015-03-24,12830.9,3000.0,15830.9
2015-03-25,12875.69,3000.0,15875.69
2015-03-26,12796.49,3000.0,15796.49
2015-03-27,12783.46,3000.0,15783.46
2015-03-30,13376.23,3000.0,16376.23
2015-03-31,13569.12,3000.0,16569.120000000003
2015-04-01,14647.68,2000.0,16647.68
2015-04-06,14744.8,2000.0,16744.8
2015-04-07,15155.44,2000.0,17155.440000000002
2015-04-08,15522.75,2000.0,17522.75
2015-04-09,16371.21,2000.0,18371.21
2015-04-10,16374.67,2000.0,18374.67
2015-04-13,16315.43,2000.0,18315.43
2015-04-15,16435.55,2000.0,18435.55
2015-04-16,15942.38,2000.0,17942.379999999997
2015-04-17,15621.76,2000.0,17621.760000000002
2015-04-20,15319.83,2000.0,17319.83
2015-04-21,15205.74,2000.0,17205.739999999998
2015-04-22,15285.14,2000.0,17285.14
2015-04-23,15414.45,2000.0,17414.45
2015-04-24,14732.7,2000.0,16732.7
2015-04-27,14036.18,2000.0,16036.18
2015-04-28,14389.5,2000.0,16389.5
2015-04-29,14823.89,2000.0,16823.89
2015-04-30,14687.77,2000.0,16687.77
2015-05-04,15584.19,1000.0,16584.190000000002
2015-05-05,15431.49,1000.0,16431.489999999998
2015-05-06,14666.99,1000.0,15666.99
2015-05-07,14424.27,1000.0,15424.27
2015-05-08,14659.02,1000.0,15659.02
2015-05-11,15326.86,1000.0,16326.86
2015-05-12,15222.35,1000.0,16222.35
2015-05-13,15068.94,1000.0,16068.94
2015-05-14,15070.67,1000.0,16070.67
2015-05-15,15348.03,1000.0,16348.03
2015-05-18,15629.86,1000.0,16629.86
2015-05-19,15683.8,1000.0,16683.8
2015-05-20,15651.92,1000.0,16651.92
2015-05-21,15516.42,1000.0,16516.42
2015-05-22,15470.55,1000.0,16470.55
2015-05-25,15182.02,1000.0,16182.02
2015-05-26,15204.25,1000.0,16204.25
2015-05-27,15042.47,1000.0,16042.47
2015-05-28,14918.21,1000.0,15918.21
2015-05-29,14909.94,1000.0,15909.94
2015-06-01,15863.68,0.0,15863.68
2015-06-02,15553.17,0.0,15553.17
2015-06-03,15555.06,0.0,15555.06
2015-06-04,15522.74,0.0,15522.74
2015-06-05,15885.81,0.0,15885.81
2015-06-08,15657.6,0.0,15657.6
2015-06-09,15553.45,0.0,15553.45
2015-06-10,15963.66,0.0,15963.66
2015-06-11,15566.42,0.0,15566.42
2015-06-12,15530.72,0.0,15530.72
2015-06-15,15799.31,0.0,15799.31
2015-06-16,15902.46,0.0,15902.46
2015-06-17,16058.25,0.0,16058.25
2015-06-18,16205.98,0.0,16205.98
2015-06-19,16225.86,0.0,16225.86
2015-06-22,16498.28,0.0,16498.28
2015-06-23,16735.71,0.0,16735.71
2015-06-24,16613.94,0.0,16613.94
2015-06-25,16757.97,0.0,16757.97
2015-06-26,17020.39,0.0,17020.39
2015-06-29,16810.68,0.0,16810.68
2015-06-30,17200.34,0.0,17200.34
2015-07-01,19174.95,0.0,19174.95
2015-07-02,19059.98,0.0,19059.98
2015-07-03,19056.67,0.0,19056.67
2015-07-06,19095.18,0.0,19095.18
2015-07-07,19060.7,0.0,19060.7
2015-07-08,18692.54,0.0,18692.54
2015-07-09,18614.16,0.0,18614.16
2015-07-10,18864.3,0.0,18864.3
2015-07-13,18972.68,0.0,18972.68
2015-07-14,18867.65,0.0,18867.65
2015-07-15,19202.65,0.0,19202.65
2015-07-16,19481.59,0.0,19481.59
2015-07-17,19615.82,0.0,19615.82
2015-07-20,19538.01,0.0,19538.01
2015-07-21,19729.04,0.0,19729.04
2015-07-22,19783.51,0.0,19783.51
2015-07-23,20194.27,0.0,20194.27
2015-07-24,19671.2,0.0,19671.2
2015-07-27,19662.07,0.0,19662.07
2015-07-28,19553.94,0.0,19553.94
2015-07-29,19496.18,0.0,19496.18
2015-07-30,19432.44,0.0,19432.44
2015-07-31,19820.87,0.0,19820.87
2015-08-03,19779.82,0.0,19779.82
2015-08-04,19598.83,0.0,19598.83
2015-08-05,19441.51,0.0,19441.51
2015-08-06,19576.82,0.0,19576.82
2015-08-07,19679.45,0.0,19679.45
2015-08-10,19742.21,0.0,19742.21
2015-08-11,19608.2,0.0,19608.2
2015-08-12,19047.99,0.0,19047.99
2015-08-13,19075.26,0.0,19075.26
2015-08-14,19219.33,0.0,19219.33
2015-08-17,19207.78,0.0,19207.78
2015-08-18,19305.11,0.0,19305.11
2015-08-19,19310.67,0.0,19310.67
2015-08-20,19017.12,0.0,19017.12
2015-08-21,18950.23,0.0,18950.23
2015-08-24,17628.02,0.0,17628.02
2015-08-25,17956.74,0.0,17956.74
2015-08-26,17986.22,0.0,17986.22
2015-08-27,18373.54,0.0,18373.54
2015-08-28,18262.87,0.0,18262.87
2015-08-31,18298.18,0.0,18298.18
2015-09-01,18409.62,0.0,18409.62
2015-09-02,18431.98,0.0,18431.98
2015-09-03,18731.57,0.0,18731.57
2015-09-04,18410.5,0.0,18410.5
2015-09-07,18328.66,0.0,18328.66
2015-09-08,18363.87,0.0,18363.87
2015-09-09,18348.13,0.0,18348.13
2015-09-10,18549.8,0.0,18549.8
2015-09-11,18544.69,0.0,18544.69
2015-09-14,18678.7,0.0,18678.7
2015-09-15,18892.19,0.0,18892.19
2015-09-16,19081.65,0.0,19081.65
2015-09-18,18833.57,0.0,18833.57
2015-09-21,19172.17,0.0,19172.17
2015-09-22,19145.89,0.0,19145.89
2015-09-23,19135.55,0.0,19135.55
2015-09-24,19378.13,0.0,19378.13
2015-09-28,19614.89,0.0,19614.89
2015-09-29,20197.91,0.0,20197.91
2015-09-30,20616.37,0.0,20616.37
2015-10-01,20102.45,0.0,20102.45
2015-10-05,20357.12,0.0,20357.12
2015-10-06,20349.49,0.0,20349.49
2015-10-07,20247.84,0.0,20247.84
2015-10-08,19965.65,0.0,19965.65
2015-10-09,19832.74,0.0,19832.74
2015-10-12,19843.62,0.0,19843.62
2015-10-13,19802.59,0.0,19802.59
2015-10-14,19773.15,0.0,19773.15
2015-10-15,19943.12,0.0,19943.12
2015-10-16,19852.21,0.0,19852.21
2015-10-19,20115.04,0.0,20115.04
2015-10-20,20587.58,0.0,20587.58
2015-10-21,20635.69,0.0,20635.69
2015-10-23,20399.79,0.0,20399.79
2015-10-26,20623.15,0.0,20623.15
2015-10-27,20649.37,0.0,20649.37
2015-10-28,20603.67,0.0,20603.67
2015-10-29,20620.99,0.0,20620.99
2015-10-30,20573.76,0.0,20573.76
2015-11-02,21379.84,0.0,21379.84
2015-11-03,21966.11,0.0,21966.11
2015-11-04,22025.95,0.0,22025.95
2015-11-05,21591.87,0.0,21591.87
2015-11-06,21639.1,0.0,21639.1
2015-11-09,21920.86,0.0,21920.86
2015-11-10,21717.36,0.0,21717.36
2015-11-11,21717.36,0.0,21717.36
2015-11-13,21650.78,0.0,21650.78
2015-11-16,21753.59,0.0,21753.59
2015-11-17,21694.39,0.0,21694.39
2015-11-18,21492.46,0.0,21492.46
2015-11-19,21676.72,0.0,21676.72
2015-11-20,21898.58,0.0,21898.58
2015-11-23,21800.06,0.0,21800.06
2015-11-24,21685.82,0.0,21685.82
2015-11-26,21815.15,0.0,21815.15
2015-11-27,21918.01,0.0,21918.01
2015-11-30,22107.41,0.0,22107.41
2015-12-01,23117.48,0.0,23117.48
2015-12-02,23225.62,0.0,23225.62
2015-12-03,23239.78,0.0,23239.78
2015-12-04,22862.93,0.0,22862.93
2015-12-07,23029.43,0.0,23029.43
2015-12-08,22925.89,0.0,22925.89
2015-12-09,22808.23,0.0,22808.23
2015-12-10,22762.85,0.0,22762.85
2015-12-11,22699.7,0.0,22699.7
2015-12-14,22604.13,0.0,22604.13
2015-12-15,22961.28,0.0,22961.28
2015-12-16,22884.63,0.0,22884.63
2015-12-17,23256.63,0.0,23256.63
2015-12-18,23650.86,0.0,23650.86
2015-12-21,23725.77,0.0,23725.77
2015-12-22,23927.52,0.0,23927.52
2015-12-23,24263.98,0.0,24263.98
2015-12-24,24378.25,0.0,24378.25
2015-12-28,24261.56,0.0,24261.56
2015-12-29,24269.72,0.0,24269.72
2015-12-30,24129.74,0.0,24129.74
2015-12-31,24125.51,0.0,24125.51
2016-01-01,24646.0,0.0,24646.0
2016-01-04,24442.92,0.0,24442.92
2016-01-05,24364.73,0.0,24364.73
2016-01-06,24301.11,0.0,24301.11
2016-01-07,23598.51,0.0,23598.51
2016-01-08,24013.45,0.0,24013.45
2016-01-11,23838.99,0.0,23838.99
2016-01-12,23364.93,0.0,23364.93
2016-01-13,22893.29,0.0,22893.29
2016-01-14,22422.36,0.0,22422.36
2016-01-15,22106.32,0.0,22106.32
2016-01-18,20970.96,0.0,20970.96
2016-01-19,20839.04,0.0,20839.04
2016-01-20,20515.74,0.0,20515.74
2016-01-21,20938.13,0.0,20938.13
2016-01-22,22562.94,0.0,22562.94
2016-01-25,22694.06,0.0,22694.06
2016-01-27,22650.47,0.0,22650.47
2016-01-28,22813.45,0.0,22813.45
2016-01-29,22972.23,0.0,22972.23
2016-02-01,22781.86,0.0,22781.86
2016-02-02,22489.5,0.0,22489.5
2016-02-03,22504.0,0.0,22504.0
2016-02-04,22543.3,0.0,22543.3
2016-02-05,23225.29,0.0,23225.29
2016-02-08,22918.95,0.0,22918.95
2016-02-09,22589.43,0.0,22589.43
2016-02-10,22434.09,0.0,22434.09
2016-02-11,21353.94,0.0,21353.94
2016-02-12,20220.34,0.0,20220.34
2016-02-15,21319.35,0.0,21319.35
2016-02-16,20857.81,0.0,20857.81
2016-02-17,20983.31,0.0,20983.31
2016-02-18,21150.45,0.0,21150.45
2016-02-19,21330.16,0.0,21330.16
2016-02-22,21504.48,0.0,21504.48
2016-02-23,21047.59,0.0,21047.59
2016-02-24,20755.87,0.0,20755.87
2016-02-25,20920.81,0.0,20920.81
2016-02-26,21116.36,0.0,21116.36
2016-02-29,21009.19,0.0,21009.19
2016-03-01,23031.0,0.0,23031.0
2016-03-02,23847.07,0.0,23847.07
2016-03-03,23801.71,0.0,23801.71
2016-03-04,23907.43,0.0,23907.43
2016-03-08,24100.22,0.0,24100.22
2016-03-09,23863.66,0.0,23863.66
2016-03-10,23663.15,0.0,23663.15
2016-03-11,23759.17,0.0,23759.17
2016-03-14,24237.69,0.0,24237.69
2016-03-15,24231.16,0.0,24231.16
2016-03-16,24247.55,0.0,24247.55
2016-03-17,23966.5,0.0,23966.5
2016-03-18,24040.69,0.0,24040.69
2016-03-21,24205.8,0.0,24205.8
2016-03-22,24171.12,0.0,24171.12
2016-03-23,24256.95,0.0,24256.95
2016-03-28,24384.02,0.0,24384.02
2016-03-29,25635.24,0.0,25635.24
2016-03-30,26180.57,0.0,26180.57
2016-03-31,26290.41,0.0,26290.41
2016-04-01,26920.91,0.0,26920.91
2016-04-04,26994.64,0.0,26994.64
2016-04-05,26203.66,0.0,26203.66
2016-04-06,26648.12,0.0,26648.12
2016-04-07,26509.37,0.0,26509.37
2016-04-08,26446.25,0.0,26446.25
2016-04-11,26819.76,0.0,26819.76
2016-04-12,27704.83,0.0,27704.83
2016-04-13,29103.15,0.0,29103.15
2016-04-18,28474.27,0.0,28474.27
2016-04-20,28337.46,0.0,28337.46
2016-04-21,27748.76,0.0,27748.76
2016-04-22,28064.2,0.0,28064.2
2016-04-25,27968.84,0.0,27968.84
2016-04-26,28066.3,0.0,28066.3
2016-04-27,28065.49,0.0,28065.49
2016-04-28,27589.41,0.0,27589.41
2016-04-29,27724.52,0.0,27724.52
2016-05-02,28322.52,0.0,28322.52
2016-05-03,28810.31,0.0,28810.31
2016-05-04,28321.82,0.0,28321.82
2016-05-05,27599.1,0.0,27599.1
2016-05-06,27454.08,0.0,27454.08
2016-05-09,27495.38,0.0,27495.38
2016-05-10,27318.39,0.0,27318.39
2016-05-11,27218.13,0.0,27218.13
2016-05-12,27690.97,0.0,27690.97
2016-05-13,28170.58,0.0,28170.58
2016-05-16,27990.12,0.0,27990.12
2016-05-17,28028.82,0.0,28028.82
2016-05-18,28004.22,0.0,28004.22
2016-05-19,27823.51,0.0,27823.51
2016-05-20,27521.5,0.0,27521.5
2016-05-23,27116.01,0.0,27116.01
2016-05-24,26687.53,0.0,26687.53
2016-05-25,26866.68,0.0,26866.68
2016-05-26,27312.05,0.0,27312.05
2016-05-27,27500.39,0.0,27500.39
2016-05-30,27571.68,0.0,27571.68
2016-05-31,28005.47,0.0,28005.47
2016-06-01,28064.55,0.0,28064.55
2016-06-02,28097.02,0.0,28097.02
2016-06-03,28343.15,0.0,28343.15
2016-06-06,28741.21,0.0,28741.21
2016-06-07,28398.99,0.0,28398.99
2016-06-08,28413.91,0.0,28413.91
2016-06-09,28178.95,0.0,28178.95
2016-06-10,27592.95,0.0,27592.95
2016-06-13,27700.58,0.0,27700.58
2016-06-14,27608.49,0.0,27608.49
2016-06-15,27769.84,0.0,27769.84
2016-06-16,27787.13,0.0,27787.13
2016-06-17,27538.27,0.0,27538.27
2016-06-20,27498.03,0.0,27498.03
2016-06-21,27309.99,0.0,27309.99
2016-06-22,26957.79,0.0,26957.79
2016-06-23,27285.74,0.0,27285.74
2016-06-24,27640.0,0.0,27640.0
2016-06-27,27624.08,0.0,27624.08
2016-06-28,27631.52,0.0,27631.52
2016-06-29,28661.99,0.0,28661.99
2016-06-30,28756.44,0.0,28756.44
2016-07-01,28790.03,0.0,28790.03
2016-07-04,28822.27,0.0,28822.27
2016-07-05,28520.22,0.0,28520.22
2016-07-07,28721.68,0.0,28721.68
2016-07-08,28941.92,0.0,28941.92
2016-07-11,29037.36,0.0,29037.36
2016-07-12,29083.06,0.0,29083.06
2016-07-13,29101.61,0.0,29101.61
2016-07-14,29381.49,0.0,29381.49
2016-07-15,29659.49,0.0,29659.49
2016-07-18,29425.83,0.0,29425.83
2016-07-19,29268.89,0.0,29268.89
2016-07-20,29704.22,0.0,29704.22
2016-07-21,29783.65,0.0,29783.65
2016-07-22,30102.76,0.0,30102.76
2016-07-25,30426.2,0.0,30426.2
2016-07-26,30626.2,0.0,30626.2
2016-07-27,30685.16,0.0,30685.16
2016-07-28,31079.6,0.0,31079.6
2016-07-29,31391.83,0.0,31391.83
2016-08-01,32209.67,0.0,32209.67
2016-08-02,32322.63,0.0,32322.63
2016-08-03,31876.41,0.0,31876.41
2016-08-04,31679.54,0.0,31679.54
2016-08-05,32469.44,0.0,32469.44
2016-08-08,32755.24,0.0,32755.24
2016-08-09,32857.71,0.0,32857.71
2016-08-10,32195.92,0.0,32195.92
2016-08-11,32336.68,0.0,32336.68
2016-08-12,32716.25,0.0,32716.25
2016-08-16,32972.78,0.0,32972.78
2016-08-17,33057.22,0.0,33057.22
2016-08-18,33178.57,0.0,33178.57
2016-08-19,32945.01,0.0,32945.01
2016-08-22,33105.44,0.0,33105.44
2016-08-23,33042.93,0.0,33042.93
2016-08-24,33578.21,0.0,33578.21
2016-08-25,33877.89,0.0,33877.89
2016-08-26,33981.79,0.0,33981.79
2016-08-29,34481.67,0.0,34481.67
2016-08-30,34642.68,0.0,34642.68
2016-08-31,34555.52,0.0,34555.52
2016-09-01,34746.61,0.0,34746.61
2016-09-02,35157.0,0.0,35157.0
2016-09-06,37339.89,0.0,37339.89
2016-09-07,37130.76,0.0,37130.76
2016-09-08,37513.27,0.0,37513.27
2016-09-09,37459.11,0.0,37459.11
2016-09-12,37274.39,0.0,37274.39
2016-09-14,37371.65,0.0,37371.65
2016-09-15,37380.11,0.0,37380.11
2016-09-16,37628.4,0.0,37628.4
2016-09-19,37413.68,0.0,37413.68
2016-09-20,37106.63,0.0,37106.63
2016-09-21,37213.91,0.0,37213.91
2016-09-22,37769.0,0.0,37769.0
2016-09-23,37914.51,0.0,37914.51
2016-09-26,37673.77,0.0,37673.77
2016-09-27,37535.03,0.0,37535.03
2016-09-28,37673.64,0.0,37673.64
2016-09-29,37006.89,0.0,37006.89
2016-09-30,36970.92,0.0,36970.92
2016-10-03,38488.76,0.0,38488.76
2016-10-04,39074.93,0.0,39074.93
2016-10-05,38955.72,0.0,38955.72
2016-10-06,38930.22,0.0,38930.22
2016-10-07,39105.6,0.0,39105.6
2016-10-10,39163.3,0.0,39163.3
2016-10-13,38865.9,0.0,38865.9
2016-10-14,40369.56,0.0,40369.56
2016-10-17,40522.18,0.0,40522.18
2016-10-18,40541.24,0.0,40541.24
2016-10-19,40532.43,0.0,40532.43
2016-10-20,40814.62,0.0,40814.62
2016-10-21,40746.05,0.0,40746.05
2016-10-24,41198.66,0.0,41198.66
2016-10-25,41176.93,0.0,41176.93
2016-10-26,40671.15,0.0,40671.15
2016-10-27,40171.5,0.0,40171.5
2016-10-28,40903.8,0.0,40903.8
2016-11-01,41208.6,0.0,41208.6
2016-11-02,40594.18,0.0,40594.18
2016-11-03,40143.57,0.0,40143.57
2016-11-04,38668.14,0.0,38668.14
2016-11-07,38633.58,0.0,38633.58
2016-11-08,38350.16,0.0,38350.16
2016-11-09,37522.56,0.0,37522.56
2016-11-10,38130.75,0.0,38130.75
2016-11-11,35578.72,0.0,35578.72
2016-11-15,29643.33,0.0,29643.33
2016-11-16,32001.78,0.0,32001.78
2016-11-17,31794.78,0.0,31794.78
2016-11-18,34216.75,0.0,34216.75
2016-11-21,34436.14,0.0,34436.14
2016-11-22,34728.85,0.0,34728.85
2016-11-23,34613.29,0.0,34613.29
2016-11-24,34359.79,0.0,34359.79
2016-11-25,34826.63,0.0,34826.63
2016-11-28,34863.6,0.0,34863.6
2016-11-29,37482.93,0.0,37482.93
2016-11-30,38132.31,0.0,38132.31
2016-12-01,37985.38,0.0,37985.38
2016-12-02,36896.07,0.0,36896.07
2016-12-05,37097.29,0.0,37097.29
2016-12-06,37570.18,0.0,37570.18
2016-12-07,37531.7,0.0,37531.7
2016-12-08,38011.98,0.0,38011.98
2016-12-09,38038.73,0.0,38038.73
2016-12-12,37153.66,0.0,37153.66
2016-12-13,36561.36,0.0,36561.36
2016-12-14,36267.48,0.0,36267.48
2016-12-15,37331.97,0.0,37331.97
2016-12-16,38015.94,0.0,38015.94
2016-12-19,38070.79,0.0,38070.79
2016-12-20,37537.56,0.0,37537.56
2016-12-21,37055.36,0.0,37055.36
2016-12-22,36551.21,0.0,36551.21
2016-12-23,36080.72,0.0,36080.72
2016-12-26,33312.3,0.0,33312.3
2016-12-27,33601.17,0.0,33601.17
2016-12-28,34162.55,0.0,34162.55
2016-12-29,33767.81,0.0,33767.81
2016-12-30,35710.75,0.0,35710.75
2017-01-02,37031.53,0.0,37031.53
2017-01-03,37132.21,0.0,37132.21
2017-01-04,37311.94,0.0,37311.94
2017-01-05,37647.68,0.0,37647.68
2017-01-06,38110.65,0.0,38110.65
2017-01-09,38314.52,0.0,38314.52
2017-01-10,37855.69,0.0,37855.69
2017-01-11,37833.94,0.0,37833.94
2017-01-12,37823.18,0.0,37823.18
2017-01-13,37473.68,0.0,37473.68
2017-01-16,38477.42,0.0,38477.42
2017-01-17,38150.37,0.0,38150.37
2017-01-18,38136.66,0.0,38136.66
2017-01-19,37752.36,0.0,37752.36
2017-01-20,37692.84,0.0,37692.84
2017-01-23,38048.84,0.0,38048.84
2017-01-24,38427.28,0.0,38427.28
2017-01-25,38492.59,0.0,38492.59
2017-01-27,39011.89,0.0,39011.89
2017-01-30,40199.05,0.0,40199.05
2017-01-31,40710.62,0.0,40710.62
2017-02-01,41545.18,0.0,41545.18
2017-02-02,43471.38,0.0,43471.38
2017-02-03,43532.8,0.0,43532.8
2017-02-06,44473.19,0.0,44473.19
2017-02-07,44467.95,0.0,44467.95
2017-02-08,43872.91,0.0,43872.91
2017-02-09,43453.84,0.0,43453.84
2017-02-10,43066.29,0.0,43066.29
2017-02-13,42098.33,0.0,42098.33
2017-02-14,41865.84,0.0,41865.84
2017-02-15,43209.23,0.0,43209.23
2017-02-16,43599.09,0.0,43599.09
2017-02-17,42889.68,0.0,42889.68
2017-02-20,42996.4,0.0,42996.4
2017-02-21,43224.0,0.0,43224.0
2017-02-22,43715.64,0.0,43715.64
2017-02-23,43454.22,0.0,43454.22
2017-02-27,42365.24,0.0,42365.24
2017-02-28,42369.32,0.0,42369.32
2017-03-01,43951.35,0.0,43951.35
2017-03-02,43427.21,0.0,43427.21
2017-03-03,43246.79,0.0,43246.79
2017-03-06,42198.73,0.0,42198.73
2017-03-07,43409.5,0.0,43409.5
2017-03-08,42973.53,0.0,42973.53
2017-03-09,43126.77,0.0,43126.77
2017-03-10,43768.84,0.0,43768.84
2017-03-14,45891.97,0.0,45891.97
2017-03-15,46189.87,0.0,46189.87
2017-03-16,46481.29,0.0,46481.29
2017-03-17,46160.99,0.0,46160.99
2017-03-20,46093.83,0.0,46093.83
2017-03-21,46165.22,0.0,46165.22
2017-03-22,45886.78,0.0,45886.78
2017-03-23,45654.65,0.0,45654.65
2017-03-24,45847.84,0.0,45847.84
2017-03-27,45921.67,0.0,45921.67
2017-03-28,45929.58,0.0,45929.58
2017-03-29,45866.86,0.0,45866.86
2017-03-30,46260.05,0.0,46260.05
2017-03-31,46929.52,0.0,46929.52
2017-04-03,51060.32,0.0,51060.32
2017-04-05,51445.29,0.0,51445.29
2017-04-06,51742.52,0.0,51742.52
2017-04-07,51474.3,0.0,51474.3
2017-04-10,51579.14,0.0,51579.14
2017-04-11,52294.33,0.0,52294.33
2017-04-12,56248.44,0.0,56248.44
2017-04-13,56605.15,0.0,56605.15
2017-04-17,55072.92,0.0,55072.92
2017-04-18,53712.92,0.0,53712.92
2017-04-19,54601.04,0.0,54601.04
2017-04-20,55264.04,0.0,55264.04
2017-04-21,55959.91,0.0,55959.91
2017-04-24,56548.88,0.0,56548.88
2017-04-25,56580.98,0.0,56580.98
2017-04-26,55769.09,0.0,55769.09
2017-04-27,56724.19,0.0,56724.19
2017-04-28,57103.38,0.0,57103.38
2017-05-02,63294.65,0.0,63294.65
2017-05-03,62393.12,0.0,62393.12
2017-05-04,63066.31,0.0,63066.31
2017-05-05,62803.82,0.0,62803.82
2017-05-08,63024.87,0.0,63024.87
2017-05-09,61942.32,0.0,61942.32
2017-05-10,62156.44,0.0,62156.44
2017-05-11,60820.48,0.0,60820.48
2017-05-12,59269.59,0.0,59269.59
2017-05-15,61639.24,0.0,61639.24
2017-05-16,61273.19,0.0,61273.19
2017-05-17,61176.23,0.0,61176.23
2017-05-18,59325.97,0.0,59325.97
2017-05-19,58197.03,0.0,58197.03
2017-05-22,56262.79,0.0,56262.79
2017-05-23,57290.33,0.0,57290.33
2017-05-24,56882.71,0.0,56882.71
2017-05-25,58228.21,0.0,58228.21
2017-05-26,58428.73,0.0,58428.73
2017-05-29,58028.22,0.0,58028.22
2017-05-30,60168.12,0.0,60168.12
2017-05-31,59838.31,0.0,59838.31
2017-06-01,60127.72,0.0,60127.72
2017-06-02,59820.01,0.0,59820.01
2017-06-05,60984.3,0.0,60984.3
2017-06-06,60672.83,0.0,60672.83
2017-06-07,63506.6,0.0,63506.6
2017-06-08,63355.31,0.0,63355.31
2017-06-09,65196.41,0.0,65196.41
2017-06-12,65896.47,0.0,65896.47
2017-06-13,66447.36,0.0,66447.36
2017-06-14,66638.28,0.0,66638.28
2017-06-15,67769.27,0.0,67769.27
2017-06-16,68115.35,0.0,68115.35
2017-06-19,68001.8,0.0,68001.8
2017-06-20,69249.88,0.0,69249.88
2017-06-21,70418.04,0.0,70418.04
2017-06-22,70304.74,0.0,70304.74
2017-06-23,68862.42,0.0,68862.42
2017-06-27,66450.08,0.0,66450.08
2017-06-28,67314.25,0.0,67314.25
2017-06-29,69003.5,0.0,69003.5
2017-06-30,69823.03,0.0,69823.03
2017-07-03,69761.64,0.0,69761.64
2017-07-04,69428.11,0.0,69428.11
2017-07-05,70032.59,0.0,70032.59
2017-07-06,69901.73,0.0,69901.73
2017-07-07,70500.71,0.0,70500.71
2017-07-10,70346.88,0.0,70346.88
2017-07-11,69687.81,0.0,69687.81
2017-07-12,69536.93,0.0,69536.93
2017-07-13,69671.17,0.0,69671.17
2017-07-14,69607.61,0.0,69607.61
2017-07-17,69413.18,0.0,69413.18
2017-07-18,68682.01,0.0,68682.01
2017-07-19,69118.27,0.0,69118.27
2017-07-20,69817.23,0.0,69817.23
2017-07-21,68348.87,0.0,68348.87
2017-07-24,66554.62,0.0,66554.62
2017-07-25,67153.12,0.0,67153.12
2017-07-26,66440.06,0.0,66440.06
2017-07-27,67708.09,0.0,67708.09
2017-07-28,67515.94,0.0,67515.94
2017-07-31,67097.8,0.0,67097.8
2017-08-01,67381.1,0.0,67381.1
2017-08-02,67049.86,0.0,67049.86
2017-08-03,65356.18,0.0,65356.18
2017-08-04,65135.14,0.0,65135.14
2017-08-07,64546.66,0.0,64546.66
2017-08-08,64068.72,0.0,64068.72
2017-08-09,62678.65,0.0,62678.65
2017-08-10,61917.33,0.0,61917.33
2017-08-11,62901.72,0.0,62901.72
2017-08-14,63918.71,0.0,63918.71
2017-08-16,64751.75,0.0,64751.75
2017-08-17,64557.63,0.0,64557.63
2017-08-18,63311.88,0.0,63311.88
2017-08-21,61161.43,0.0,61161.43
2017-08-22,59356.88,0.0,59356.88
2017-08-23,61107.3,0.0,61107.3
2017-08-24,60801.36,0.0,60801.36
2017-08-28,61142.06,0.0,61142.06
2017-08-29,59380.07,0.0,59380.07
2017-08-30,61572.91,0.0,61572.91
2017-08-31,62936.64,0.0,62936.64
2017-09-01,63223.43,0.0,63223.43
2017-09-04,62021.19,0.0,62021.19
2017-09-05,62985.83,0.0,62985.83
2017-09-06,63541.26,0.0,63541.26
2017-09-07,63613.49,0.0,63613.49
2017-09-08,62987.53,0.0,62987.53
2017-09-11,62652.34,0.0,62652.34
2017-09-12,62718.72,0.0,62718.72
2017-09-13,61937.05,0.0,61937.05
2017-09-14,61902.49,0.0,61902.49
2017-09-15,61765.76,0.0,61765.76
2017-09-18,62415.37,0.0,62415.37
2017-09-19,63644.66,0.0,63644.66
2017-09-20,62589.52,0.0,62589.52
2017-09-21,61852.07,0.0,61852.07
2017-09-22,58894.82,0.0,58894.82
2017-09-25,57347.93,0.0,57347.93
2017-09-26,58809.92,0.0,58809.92
2017-09-27,57581.64,0.0,57581.64
2017-09-28,58305.64,0.0,58305.64
2017-09-29,58763.76,0.0,58763.76
2017-10-03,58592.68,0.0,58592.68
2017-10-04,58342.89,0.0,58342.89
2017-10-05,58243.46,0.0,58243.46
2017-10-06,58937.94,0.0,58937.94
2017-10-09,59373.52,0.0,59373.52
2017-10-10,58531.97,0.0,58531.97
2017-10-11,57034.38,0.0,57034.38
2017-10-12,58580.66,0.0,58580.66
2017-10-13,61827.98,0.0,61827.98
2017-10-16,60888.83,0.0,60888.83
2017-10-17,61073.23,0.0,61073.23
2017-10-18,59956.65,0.0,59956.65
2017-10-19,59568.97,0.0,59568.97
2017-10-23,59598.64,0.0,59598.64
2017-10-24,59715.56,0.0,59715.56
2017-10-25,56013.41,0.0,56013.41
2017-10-26,55638.63,0.0,55638.63
2017-10-27,55369.44,0.0,55369.44
2017-10-30,54741.57,0.0,54741.57
2017-10-31,53874.9,0.0,53874.9
2017-11-01,52834.15,0.0,52834.15
2017-11-02,52911.37,0.0,52911.37
2017-11-03,52255.54,0.0,52255.54
2017-11-06,51023.81,0.0,51023.81
2017-11-07,50933.08,0.0,50933.08
2017-11-08,50667.94,0.0,50667.94
2017-11-09,51340.93,0.0,51340.93
2017-11-10,51563.55,0.0,51563.55
2017-11-13,50517.33,0.0,50517.33
2017-11-14,50398.9,0.0,50398.9
2017-11-15,48849.57,0.0,48849.57
2017-11-16,50224.3,0.0,50224.3
2017-11-17,53056.74,0.0,53056.74
2017-11-20,52427.64,0.0,52427.64
2017-11-21,51375.38,0.0,51375.38
2017-11-22,51617.22,0.0,51617.22
2017-11-23,51173.81,0.0,51173.81
2017-11-24,50953.87,0.0,50953.87
2017-11-27,52591.9,0.0,52591.9
2017-11-28,53632.76,0.0,53632.76
2017-11-29,54287.61,0.0,54287.61
2017-11-30,53585.62,0.0,53585.62
2017-12-01,52036.62,0.0,52036.62
2017-12-04,51159.19,0.0,51159.19
2017-12-05,51653.14,0.0,51653.14
2017-12-06,51057.82,0.0,51057.82
2017-12-07,53887.95,0.0,53887.95
2017-12-08,53514.97,0.0,53514.97
2017-12-11,53864.81,0.0,53864.81
2017-12-12,51943.62,0.0,51943.62
2017-12-13,51586.15,0.0,51586.15
2017-12-14,51267.45,0.0,51267.45
2017-12-15,52057.46,0.0,52057.46
2017-12-18,52725.01,0.0,52725.01
2017-12-19,53452.96,0.0,53452.96
2017-12-20,52900.44,0.0,52900.44
2017-12-21,56344.01,0.0,56344.01
2017-12-22,55065.55,0.0,55065.55
2017-12-26,55644.64,0.0,55644.64
2017-12-27,54433.18,0.0,54433.18
2017-12-28,52965.27,0.0,52965.27
2017-12-29,52833.34,0.0,52833.34
2018-01-01,52935.33,0.0,52935.33
2018-01-02,52525.53,0.0,52525.53
2018-01-03,52820.36,0.0,52820.36
2018-01-04,52217.4,0.0,52217.4
2018-01-05,52428.96,0.0,52428.96
2018-01-08,53323.83,0.0,53323.83
2018-01-09,53374.3,0.0,53374.3
2018-01-10,53394.66,0.0,53394.66
2018-01-11,53829.48,0.0,53829.48
2018-01-12,53548.46,0.0,53548.46
2018-01-15,53614.21,0.0,53614.21
2018-01-16,53005.56,0.0,53005.56
2018-01-17,52508.32,0.0,52508.32
2018-01-18,51563.89,0.0,51563.89
2018-01-19,52911.07,0.0,52911.07
2018-01-22,54009.16,0.0,54009.16
2018-01-23,51516.85,0.0,51516.85
2018-01-24,49847.95,0.0,49847.95
2018-01-25,49638.4,0.0,49638.4
2018-01-29,51507.96,0.0,51507.96
2018-01-30,50271.8,0.0,50271.8
2018-01-31,50150.07,0.0,50150.07
2018-02-01,59391.66,0.0,59391.66
2018-02-02,55335.29,0.0,55335.29
2018-02-05,55049.53,0.0,55049.53
2018-02-06,54009.93,0.0,54009.93
2018-02-07,54725.57,0.0,54725.57
2018-02-08,55733.84,0.0,55733.84
2018-02-09,55521.92,0.0,55521.92
2018-02-12,57065.57,0.0,57065.57
2018-02-14,59751.25,0.0,59751.25
2018-02-15,59660.1,0.0,59660.1
2018-02-16,59229.28,0.0,59229.28
2018-02-19,58607.47,0.0,58607.47
2018-02-20,57980.72,0.0,57980.72
2018-02-21,58718.24,0.0,58718.24
2018-02-22,58031.88,0.0,58031.88
2018-02-23,59259.87,0.0,59259.87
2018-02-26,58422.44,0.0,58422.44
2018-02-27,58388.28,0.0,58388.28
2018-02-28,58870.23,0.0,58870.23
2018-03-01,58696.3,0.0,58696.3
2018-03-05,58707.47,0.0,58707.47
2018-03-06,57566.68,0.0,57566.68
2018-03-07,56709.8,0.0,56709.8
2018-03-08,57505.57,0.0,57505.57
2018-03-09,57784.22,0.0,57784.22
2018-03-12,57639.02,0.0,57639.02
2018-03-13,58035.55,0.0,58035.55
2018-03-14,58215.44,0.0,58215.44
2018-03-15,58340.84,0.0,58340.84
2018-03-16,57425.96,0.0,57425.96
2018-03-19,57083.91,0.0,57083.91
2018-03-20,56437.49,0.0,56437.49
2018-03-21,57004.85,0.0,57004.85
2018-03-22,55437.05,0.0,55437.05
2018-03-23,54772.56,0.0,54772.56
2018-03-26,56246.77,0.0,56246.77
2018-03-27,58065.84,0.0,58065.84
2018-03-28,57256.18,0.0,57256.18
2018-04-02,62029.67,0.0,62029.67
2018-04-03,62437.13,0.0,62437.13
2018-04-04,62326.99,0.0,62326.99
2018-04-05,64158.61,0.0,64158.61
2018-04-06,64246.75,0.0,64246.75
2018-04-09,64108.14,0.0,64108.14
2018-04-10,64042.34,0.0,64042.34
2018-04-11,63905.78,0.0,63905.78
2018-04-12,64094.89,0.0,64094.89
2018-04-13,64261.8,0.0,64261.8
2018-04-16,64976.22,0.0,64976.22
2018-04-17,65316.69,0.0,65316.69
2018-04-18,64958.29,0.0,64958.29
2018-04-19,65157.66,0.0,65157.66
2018-04-20,64530.87,0.0,64530.87
2018-04-23,64755.13,0.0,64755.13
2018-04-24,64455.87,0.0,64455.87
2018-04-25,63625.63,0.0,63625.63
2018-04-26,63602.21,0.0,63602.21
2018-04-27,64456.19,0.0,64456.19
2018-04-30,65104.12,0.0,65104.12
2018-05-02,60068.57,0.0,60068.57
2018-05-03,59543.04,0.0,59543.04
2018-05-04,59908.74,0.0,59908.74
2018-05-07,59538.26,0.0,59538.26
2018-05-08,59436.17,0.0,59436.17
2018-05-09,59079.3,0.0,59079.3
2018-05-10,58482.47,0.0,58482.47
2018-05-11,59181.27,0.0,59181.27
2018-05-14,58737.49,0.0,58737.49
2018-05-15,58393.97,0.0,58393.97
2018-05-16,57872.54,0.0,57872.54
2018-05-17,58174.7,0.0,58174.7
2018-05-18,57949.55,0.0,57949.55
2018-05-21,56771.66,0.0,56771.66
2018-05-22,56663.85,0.0,56663.85
2018-05-23,55979.15,0.0,55979.15
2018-05-24,55635.93,0.0,55635.93
2018-05-25,56182.25,0.0,56182.25
2018-05-28,56843.82,0.0,56843.82
2018-05-29,56895.68,0.0,56895.68
2018-05-30,56452.73,0.0,56452.73
2018-05-31,56262.67,0.0,56262.67
2018-06-01,53749.71,0.0,53749.71
2018-06-04,53631.5,0.0,53631.5
2018-06-05,52909.68,0.0,52909.68
2018-06-06,53472.8,0.0,53472.8
2018-06-07,54324.36,0.0,54324.36
2018-06-08,54055.11,0.0,54055.11
2018-06-11,54273.32,0.0,54273.32
2018-06-12,54517.1,0.0,54517.1
2018-06-13,54456.73,0.0,54456.73
2018-06-14,54476.93,0.0,54476.93
2018-06-15,54943.98,0.0,54943.98
2018-06-18,54385.07,0.0,54385.07
2018-06-19,53821.89,0.0,53821.89
2018-06-20,53697.63,0.0,53697.63
2018-06-21,53232.79,0.0,53232.79
2018-06-22,53850.15,0.0,53850.15
2018-06-25,53249.09,0.0,53249.09
2018-06-26,52325.48,0.0,52325.48
2018-06-27,52481.5,0.0,52481.5
2018-06-28,51989.76,0.0,51989.76
2018-06-29,51679.63,0.0,51679.63
2018-07-02,51316.41,0.0,51316.41
2018-07-03,51770.63,0.0,51770.63
2018-07-04,52528.95,0.0,52528.95
2018-07-05,51511.01,0.0,51511.01
2018-07-06,51605.29,0.0,51605.29
2018-07-09,52127.38,0.0,52127.38
2018-07-10,52628.22,0.0,52628.22
2018-07-11,52751.77,0.0,52751.77
2018-07-12,53500.25,0.0,53500.25
2018-07-13,53463.76,0.0,53463.76
2018-07-16,52517.17,0.0,52517.17
2018-07-17,52562.07,0.0,52562.07
2018-07-18,52124.18,0.0,52124.18
2018-07-19,51788.85,0.0,51788.85
2018-07-20,52857.59,0.0,52857.59
2018-07-23,53342.03,0.0,53342.03
2018-07-24,52906.81,0.0,52906.81
2018-07-25,55640.18,0.0,55640.18
2018-07-26,54993.38,0.0,54993.38
2018-07-27,56393.85,0.0,56393.85
2018-07-30,56248.84,0.0,56248.84
2018-07-31,55855.41,0.0,55855.41
2018-08-01,56705.0,0.0,56705.0
2018-08-02,56383.15,0.0,56383.15
2018-08-03,56517.97,0.0,56517.97
2018-08-06,56634.29,0.0,56634.29
2018-08-07,57423.34,0.0,57423.34
2018-08-08,58363.96,0.0,58363.96
2018-08-09,58888.35,0.0,58888.35
2018-08-10,58545.47,0.0,58545.47
2018-08-13,57588.05,0.0,57588.05
2018-08-14,58068.93,0.0,58068.93
2018-08-16,57891.09,0.0,57891.09
2018-08-17,58243.65,0.0,58243.65
2018-08-20,58415.51,0.0,58415.51
2018-08-21,58924.57,0.0,58924.57
2018-08-23,59519.89,0.0,59519.89
2018-08-24,59617.03,0.0,59617.03
2018-08-27,60219.4,0.0,60219.4
2018-08-28,59521.81,0.0,59521.81
2018-08-29,60444.82,0.0,60444.82
2018-08-30,59943.6,0.0,59943.6
2018-08-31,60009.91,0.0,60009.91
2018-09-03,53671.48,0.0,53671.48
2018-09-04,53676.61,0.0,53676.61
2018-09-05,53084.08,0.0,53084.08
2018-09-06,53025.68,0.0,53025.68
2018-09-07,53582.19,0.0,53582.19
2018-09-10,51356.75,0.0,51356.75
2018-09-11,50949.95,0.0,50949.95
2018-09-12,50691.45,0.0,50691.45
2018-09-14,51978.35,0.0,51978.35
2018-09-17,51140.55,0.0,51140.55
2018-09-18,50425.17,0.0,50425.17
2018-09-19,49476.72,0.0,49476.72
2018-09-21,47682.66,0.0,47682.66
2018-09-24,45235.04,0.0,45235.04
2018-09-25,45685.28,0.0,45685.28
2018-09-26,45604.12,0.0,45604.12
2018-09-27,44173.12,0.0,44173.12
2018-09-28,43313.29,0.0,43313.29
2018-10-01,43511.09,0.0,43511.09
2018-10-03,44045.55,0.0,44045.55
2018-10-04,43281.19,0.0,43281.19
2018-10-05,41162.78,0.0,41162.78
2018-10-08,40536.02,0.0,40536.02
2018-10-09,41573.59,0.0,41573.59
2018-10-10,44363.72,0.0,44363.72
2018-10-11,42944.69,0.0,42944.69
2018-10-12,44850.09,0.0,44850.09
2018-10-15,45089.06,0.0,45089.06
2018-10-16,45309.77,0.0,45309.77
2018-10-17,42846.06,0.0,42846.06
2018-10-19,42264.4,0.0,42264.4
2018-10-22,41822.73,0.0,41822.73
2018-10-23,41323.68,0.0,41323.68
2018-10-24,44567.54,0.0,44567.54
2018-10-25,44960.71,0.0,44960.71
2018-10-26,44892.94,0.0,44892.94
2018-10-29,45721.79,0.0,45721.79
2018-10-30,45470.97,0.0,45470.97
2018-10-31,46208.01,0.0,46208.01
2018-11-01,48215.97,0.0,48215.97
2018-11-02,49230.0,0.0,49230.0
2018-11-05,49131.96,0.0,49131.96
2018-11-06,49350.53,0.0,49350.53
2018-11-07,49475.66,0.0,49475.66
2018-11-09,49448.65,0.0,49448.65
2018-11-12,49208.2,0.0,49208.2
2018-11-13,49256.64,0.0,49256.64
2018-11-14,50031.65,0.0,50031.65
2018-11-15,50019.53,0.0,50019.53
2018-11-16,50380.58,0.0,50380.58
2018-11-19,51261.77,0.0,51261.77
2018-11-20,51638.17,0.0,51638.17
2018-11-21,51963.77,0.0,51963.77
2018-11-22,51605.44,0.0,51605.44
2018-11-26,51527.74,0.0,51527.74
2018-11-27,52030.63,0.0,52030.63
2018-11-28,51624.99,0.0,51624.99
2018-11-29,51283.79,0.0,51283.79
2018-11-30,51386.48,0.0,51386.48
2018-12-03,50748.48,0.0,50748.48
2018-12-04,51097.01,0.0,51097.01
2018-12-05,50771.19,0.0,50771.19
2018-12-06,50197.41,0.0,50197.41
2018-12-07,50355.29,0.0,50355.29
2018-12-10,48719.04,0.0,48719.04
2018-12-11,49552.64,0.0,49552.64
2018-12-12,50874.36,0.0,50874.36
2018-12-13,50827.22,0.0,50827.22
2018-12-14,50863.86,0.0,50863.86
2018-12-17,50953.86,0.0,50953.86
2018-12-18,51123.84,0.0,51123.84
2018-12-19,51650.83,0.0,51650.83
2018-12-20,51332.72,0.0,51332.72
2018-12-21,50881.26,0.0,50881.26
2018-12-24,49975.68,0.0,49975.68
2018-12-26,49875.76,0.0,49875.76
2018-12-27,49914.03,0.0,49914.03
2018-12-28,50033.25,0.0,50033.25
2018-12-31,50547.23,0.0,50547.23
2019-01-01,50913.84,0.0,50913.84
2019-01-02,50819.59,0.0,50819.59
2019-01-03,50100.33,0.0,50100.33
2019-01-04,50813.61,0.0,50813.61
2019-01-07,50936.65,0.0,50936.65
2019-01-08,51738.1,0.0,51738.1
2019-01-09,51672.59,0.0,51672.59
2019-01-10,52533.76,0.0,52533.76
2019-01-11,52576.72,0.0,52576.72
2019-01-14,52838.26,0.0,52838.26
2019-01-15,53426.89,0.0,53426.89
2019-01-16,52878.44,0.0,52878.44
2019-01-17,52553.78,0.0,52553.78
2019-01-18,52958.64,0.0,52958.64
2019-01-21,53557.89,0.0,53557.89
2019-01-22,53624.42,0.0,53624.42
2019-01-23,53303.94,0.0,53303.94
2019-01-24,53833.95,0.0,53833.95
2019-01-25,53402.28,0.0,53402.28
2019-01-28,53056.76,0.0,53056.76
2019-01-29,52992.64,0.0,52992.64
2019-01-30,54521.66,0.0,54521.66
2019-01-31,54707.01,0.0,54707.01
2019-02-01,56208.67,0.0,56208.67
2019-02-04,58108.99,0.0,58108.99
2019-02-05,57358.35,0.0,57358.35
2019-02-06,55629.35,0.0,55629.35
2019-02-07,55962.11,0.0,55962.11
2019-02-08,55180.32,0.0,55180.32
2019-02-11,53890.24,0.0,53890.24
2019-02-12,52774.31,0.0,52774.31
2019-02-13,52774.31,0.0,52774.31
2019-02-14,51262.16,0.0,51262.16
2019-02-15,51570.31,0.0,51570.31
2019-02-18,50001.45,0.0,50001.45
2019-02-19,49499.03,0.0,49499.03
2019-02-20,49494.41,0.0,49494.41
2019-02-21,51008.46,0.0,51008.46
2019-02-22,51589.85,0.0,51589.85
2019-02-25,51878.44,0.0,51878.44
2019-02-26,51332.25,0.0,51332.25
2019-02-27,51215.21,0.0,51215.21
2019-02-28,51262.13,0.0,51262.13
2019-03-01,52293.84,0.0,52293.84
2019-03-05,53792.79,0.0,53792.79
2019-03-06,54909.06,0.0,54909.06
2019-03-07,54237.5,0.0,54237.5
2019-03-08,53644.17,0.0,53644.17
2019-03-11,53896.75,0.0,53896.75
2019-03-12,53771.81,0.0,53771.81
2019-03-13,52848.87,0.0,52848.87
2019-03-14,52328.2,0.0,52328.2
2019-03-15,52187.62,0.0,52187.62
2019-03-18,52123.21,0.0,52123.21
2019-03-19,52957.75,0.0,52957.75
2019-03-20,53297.44,0.0,53297.44
2019-03-22,53564.01,0.0,53564.01
2019-03-25,52979.04,0.0,52979.04
2019-03-26,54948.39,0.0,54948.39
2019-03-27,56861.63,0.0,56861.63
2019-03-28,55912.13,0.0,55912.13
2019-03-29,55912.13,0.0,55912.13
2019-04-01,57218.24,0.0,57218.24
2019-04-02,57177.68,0.0,57177.68
2019-04-03,57505.22,0.0,57505.22
2019-04-04,57632.31,0.0,57632.31
2019-04-05,57721.6,0.0,57721.6
2019-04-08,57360.91,0.0,57360.91
2019-04-09,57082.72,0.0,57082.72
2019-04-10,57530.86,0.0,57530.86
2019-04-11,57720.34,0.0,57720.34
2019-04-12,57732.72,0.0,57732.72
2019-04-15,58504.39,0.0,58504.39
2019-04-16,58319.49,0.0,58319.49
2019-04-18,58062.54,0.0,58062.54
2019-04-22,56947.59,0.0,56947.59
2019-04-23,56695.71,0.0,56695.71
2019-04-24,57168.02,0.0,57168.02
2019-04-25,57218.56,0.0,57218.56
2019-04-26,57377.05,0.0,57377.05
2019-04-30,56705.7,0.0,56705.7
2019-05-02,61163.38,0.0,61163.38
2019-05-03,61189.21,0.0,61189.21
2019-05-06,61109.98,0.0,61109.98
2019-05-07,60742.95,0.0,60742.95
2019-05-08,59092.11,0.0,59092.11
2019-05-09,59189.56,0.0,59189.56
2019-05-10,60354.9,0.0,60354.9
2019-05-13,59044.88,0.0,59044.88
2019-05-14,60736.33,0.0,60736.33
2019-05-15,62811.37,0.0,62811.37
2019-05-16,63538.56,0.0,63538.56
2019-05-17,64767.64,0.0,64767.64
2019-05-20,67064.71,0.0,67064.71
2019-05-21,67155.48,0.0,67155.48
2019-05-22,68599.17,0.0,68599.17
2019-05-23,68499.71,0.0,68499.71
2019-05-24,70972.27,0.0,70972.27
2019-05-27,72029.81,0.0,72029.81
2019-05-28,71450.29,0.0,71450.29
2019-05-29,71666.72,0.0,71666.72
2019-05-30,72480.33,0.0,72480.33
2019-05-31,71843.15,0.0,71843.15
2019-06-03,70869.5,0.0,70869.5
2019-06-04,71218.54,0.0,71218.54
2019-06-06,70415.62,0.0,70415.62
2019-06-07,70285.16,0.0,70285.16
2019-06-10,71132.97,0.0,71132.97
2019-06-11,70873.55,0.0,70873.55
2019-06-12,70457.11,0.0,70457.11
2019-06-13,70037.98,0.0,70037.98
2019-06-14,69996.21,0.0,69996.21
2019-06-17,69163.29,0.0,69163.29
2019-06-18,70559.61,0.0,70559.61
2019-06-19,69149.14,0.0,69149.14
2019-06-20,70014.72,0.0,70014.72
2019-06-21,69638.23,0.0,69638.23
2019-06-24,69261.15,0.0,69261.15
2019-06-25,70447.7,0.0,70447.7
2019-06-26,70722.9,0.0,70722.9
2019-06-27,71082.4,0.0,71082.4
2019-06-28,71151.42,0.0,71151.42
2019-07-01,71104.6,0.0,71104.6
2019-07-02,71170.74,0.0,71170.74
2019-07-03,71309.63,0.0,71309.63
2019-07-04,71197.04,0.0,71197.04
2019-07-05,70497.14,0.0,70497.14
2019-07-08,67711.94,0.0,67711.94
2019-07-09,67226.62,0.0,67226.62
2019-07-10,65958.44,0.0,65958.44
2019-07-11,66432.92,0.0,66432.92
2019-07-12,66706.47,0.0,66706.47
2019-07-15,66295.82,0.0,66295.82
2019-07-16,67789.06,0.0,67789.06
2019-07-17,67083.7,0.0,67083.7
2019-07-18,65638.03,0.0,65638.03
2019-07-19,65361.03,0.0,65361.03
2019-07-22,64662.42,0.0,64662.42
2019-07-23,64613.38,0.0,64613.38
2019-07-24,63613.31,0.0,63613.31
2019-07-25,63268.03,0.0,63268.03
2019-07-26,63901.11,0.0,63901.11
2019-07-29,63978.2,0.0,63978.2
2019-07-30,62365.78,0.0,62365.78
2019-07-31,62724.46,0.0,62724.46
2019-08-01,64580.04,0.0,64580.04
2019-08-02,63591.27,0.0,63591.27
2019-08-05,62754.28,0.0,62754.28
2019-08-06,64044.47,0.0,64044.47
2019-08-07,64740.31,0.0,64740.31
2019-08-08,65672.28,0.0,65672.28
2019-08-09,66173.6,0.0,66173.6
2019-08-13,64594.93,0.0,64594.93
2019-08-14,63805.88,0.0,63805.88
2019-08-16,64160.19,0.0,64160.19
2019-08-19,64336.95,0.0,64336.95
2019-08-20,63455.19,0.0,63455.19
2019-08-21,63172.7,0.0,63172.7
2019-08-22,60403.47,0.0,60403.47
2019-08-23,62860.5,0.0,62860.5
2019-08-26,64047.95,0.0,64047.95
2019-08-27,64180.22,0.0,64180.22
2019-08-28,64007.96,0.0,64007.96
2019-08-29,63548.99,0.0,63548.99
2019-08-30,64318.33,0.0,64318.33
2019-09-03,63859.89,0.0,63859.89
2019-09-04,63668.67,0.0,63668.67
2019-09-05,63917.02,0.0,63917.02
2019-09-06,64855.25,0.0,64855.25
2019-09-09,64701.43,0.0,64701.43
2019-09-11,65115.02,0.0,65115.02
2019-09-12,64561.87,0.0,64561.87
2019-09-13,65076.36,0.0,65076.36
2019-09-16,64912.44,0.0,64912.44
2019-09-17,64619.59,0.0,64619.59
2019-09-18,65001.1,0.0,65001.1
2019-09-19,63914.62,0.0,63914.62
2019-09-20,68542.8,0.0,68542.8
2019-09-23,72026.99,0.0,72026.99
2019-09-24,72110.42,0.0,72110.42
2019-09-25,71191.05,0.0,71191.05
2019-09-26,71543.87,0.0,71543.87
2019-09-27,72921.29,0.0,72921.29
2019-09-30,72437.62,0.0,72437.62
2019-10-01,71553.55,0.0,71553.55
2019-10-03,71059.26,0.0,71059.26
2019-10-04,70674.34,0.0,70674.34
2019-10-07,70251.81,0.0,70251.81
2019-10-09,71763.18,0.0,71763.18
2019-10-10,71516.28,0.0,71516.28
2019-10-11,71521.49,0.0,71521.49
2019-10-14,70990.97,0.0,70990.97
2019-10-15,71861.84,0.0,71861.84
2019-10-16,73228.03,0.0,73228.03
2019-10-17,73712.02,0.0,73712.02
2019-10-18,73955.78,0.0,73955.78
2019-10-22,72737.14,0.0,72737.14
2019-10-23,73334.8,0.0,73334.8
2019-10-24,73177.73,0.0,73177.73
2019-10-25,72898.95,0.0,72898.95
2019-10-29,75233.91,0.0,75233.91
2019-10-30,76275.4,0.0,76275.4
2019-10-31,75977.36,0.0,75977.36
2019-11-01,77145.7,0.0,77145.7
2019-11-04,76723.2,0.0,76723.2
2019-11-05,76317.01,0.0,76317.01
2019-11-06,74938.43,0.0,74938.43
2019-11-07,76191.06,0.0,76191.06
2019-11-08,77081.64,0.0,77081.64
2019-11-11,76022.8,0.0,76022.8
2019-11-13,75681.92,0.0,75681.92
2019-11-14,75857.46,0.0,75857.46
2019-11-15,75524.35,0.0,75524.35
2019-11-18,74932.73,0.0,74932.73
2019-11-19,75584.26,0.0,75584.26
2019-11-20,75940.32,0.0,75940.32
2019-11-21,75036.25,0.0,75036.25
2019-11-22,74284.16,0.0,74284.16
2019-11-25,75951.25,0.0,75951.25
2019-11-26,76220.46,0.0,76220.46
2019-11-27,76144.24,0.0,76144.24
2019-11-28,75432.09,0.0,75432.09
2019-11-29,74678.11,0.0,74678.11
2019-12-02,73260.37,0.0,73260.37
2019-12-03,73263.17,0.0,73263.17
2019-12-04,73314.42,0.0,73314.42
2019-12-05,73026.79,0.0,73026.79
2019-12-06,72210.07,0.0,72210.07
2019-12-09,70908.85,0.0,70908.85
2019-12-10,71109.7,0.0,71109.7
2019-12-11,71865.45,0.0,71865.45
2019-12-12,71165.79,0.0,71165.79
2019-12-13,70511.2,0.0,70511.2
2019-12-16,69722.9,0.0,69722.9
2019-12-17,70867.23,0.0,70867.23
2019-12-18,70688.39,0.0,70688.39
2019-12-19,70099.16,0.0,70099.16
2019-12-20,70700.78,0.0,70700.78
2019-12-23,71675.21,0.0,71675.21
2019-12-24,71566.85,0.0,71566.85
2019-12-26,73059.2,0.0,73059.2
2019-12-27,74428.44,0.0,74428.44
2019-12-30,73826.16,0.0,73826.16
2019-12-31,73148.6,0.0,73148.6
2020-01-01,74585.88,0.0,74585.88
2020-01-02,74706.81,0.0,74706.81
2020-01-03,73797.58,0.0,73797.58
2020-01-06,71359.18,0.0,71359.18
2020-01-07,72232.17,0.0,72232.17
2020-01-08,73802.1,0.0,73802.1
2020-01-09,75725.08,0.0,75725.08
2020-01-10,75364.5,0.0,75364.5
2020-01-13,75780.73,0.0,75780.73
2020-01-14,76537.04,0.0,76537.04
2020-01-15,77994.18,0.0,77994.18
2020-01-16,78309.29,0.0,78309.29
2020-01-17,78345.27,0.0,78345.27
2020-01-20,76773.2,0.0,76773.2
2020-01-21,77506.35,0.0,77506.35
2020-01-22,76959.02,0.0,76959.02
2020-01-23,76979.41,0.0,76979.41
2020-01-24,79154.74,0.0,79154.74
2020-01-27,79709.8,0.0,79709.8
2020-01-28,81002.48,0.0,81002.48
2020-01-29,82111.74,0.0,82111.74
2020-01-30,81290.44,0.0,81290.44
2020-01-31,81800.19,0.0,81800.19
2020-02-03,81005.42,0.0,81005.42
2020-02-04,81787.5,0.0,81787.5
2020-02-05,81203.58,0.0,81203.58
2020-02-06,82394.55,0.0,82394.55
2020-02-07,81897.13,0.0,81897.13
2020-02-10,82600.58,0.0,82600.58
2020-02-11,82836.05,0.0,82836.05
2020-02-12,82805.25,0.0,82805.25
2020-02-13,83435.83,0.0,83435.83
2020-02-14,83259.67,0.0,83259.67
2020-02-17,83058.2,0.0,83058.2
2020-02-18,82962.82,0.0,82962.82
2020-02-19,84541.56,0.0,84541.56
2020-02-20,83643.85,0.0,83643.85
2020-02-24,81882.19,0.0,81882.19
2020-02-25,82117.34,0.0,82117.34
2020-02-26,82003.31,0.0,82003.31
2020-02-27,81678.75,0.0,81678.75
2020-02-28,77498.05,0.0,77498.05
2020-03-02,74027.44,0.0,74027.44
2020-03-03,78174.34,0.0,78174.34
2020-03-04,76153.99,0.0,76153.99
2020-03-05,76499.99,0.0,76499.99
2020-03-06,73702.77,0.0,73702.77
2020-03-09,70096.69,0.0,70096.69
2020-03-11,70404.81,0.0,70404.81
2020-03-12,63062.96,0.0,63062.96
2020-03-13,64330.92,0.0,64330.92
2020-03-16,60222.68,0.0,60222.68
2020-03-17,56597.32,0.0,56597.32
2020-03-18,50160.4,0.0,50160.4
2020-03-19,45178.35,0.0,45178.35
2020-03-20,46357.49,0.0,46357.49
2020-03-23,37917.19,0.0,37917.19
2020-03-24,39196.14,0.0,39196.14
2020-03-25,41039.4,0.0,41039.4
2020-03-26,43832.72,0.0,43832.72
2020-03-27,42261.24,0.0,42261.24
2020-03-30,39380.44,0.0,39380.44
2020-03-31,39999.26,0.0,39999.26
2020-04-01,41009.95,0.0,41009.95
2020-04-03,41829.77,0.0,41829.77
2020-04-07,43305.72,0.0,43305.72
2020-04-08,43362.48,0.0,43362.48
2020-04-09,45367.62,0.0,45367.62
2020-04-13,41823.97,0.0,41823.97
2020-04-15,40673.05,0.0,40673.05
2020-04-16,40953.19,0.0,40953.19
2020-04-17,42230.01,0.0,42230.01
2020-04-20,42455.42,0.0,42455.42
2020-04-21,39552.41,0.0,39552.41
2020-04-22,40918.84,0.0,40918.84
2020-04-23,41155.68,0.0,41155.68
2020-04-24,38844.93,0.0,38844.93
2020-04-27,39408.6,0.0,39408.6
2020-04-28,41702.47,0.0,41702.47
2020-04-29,42295.57,0.0,42295.57
2020-04-30,42862.07,0.0,42862.07
2020-05-04,39763.21,0.0,39763.21
2020-05-05,38850.63,0.0,38850.63
2020-05-06,39503.31,0.0,39503.31
2020-05-07,39193.09,0.0,39193.09
2020-05-08,38576.68,0.0,38576.68
2020-05-11,37980.23,0.0,37980.23
2020-05-12,37980.81,0.0,37980.81
2020-05-13,39713.37,0.0,39713.37
2020-05-14,40116.08,0.0,40116.08
2020-05-15,39576.12,0.0,39576.12
2020-05-18,37801.78,0.0,37801.78
2020-05-19,37989.66,0.0,37989.66
2020-05-20,38973.08,0.0,38973.08
2020-05-21,38517.19,0.0,38517.19
2020-05-22,37699.55,0.0,37699.55
2020-05-25,37699.55,0.0,37699.55
2020-05-26,37757.58,0.0,37757.58
2020-05-27,38459.43,0.0,38459.43
2020-05-28,38231.95,0.0,38231.95
2020-05-29,38494.6,0.0,38494.6
2020-06-01,41447.15,0.0,41447.15
2020-06-02,44205.4,0.0,44205.4
2020-06-03,45542.94,0.0,45542.94
2020-06-04,45484.39,0.0,45484.39
2020-06-05,47547.86,0.0,47547.86
2020-06-08,48501.66,0.0,48501.66
2020-06-09,46861.92,0.0,46861.92
2020-06-10,46328.02,0.0,46328.02
2020-06-11,45611.69,0.0,45611.69
2020-06-12,47142.84,0.0,47142.84
2020-06-15,45778.84,0.0,45778.84
2020-06-16,46032.96,0.0,46032.96
2020-06-17,46632.29,0.0,46632.29
2020-06-18,48089.57,0.0,48089.57
2020-06-19,50003.17,0.0,50003.17
2020-06-22,51698.04,0.0,51698.04
2020-06-23,53773.52,0.0,53773.52
2020-06-24,52818.54,0.0,52818.54
2020-06-25,53133.86,0.0,53133.86
2020-06-26,52233.47,0.0,52233.47
2020-06-29,51776.11,0.0,51776.11
2020-06-30,51611.59,0.0,51611.59
2020-07-01,54991.63,0.0,54991.63
2020-07-02,55923.39,0.0,55923.39
2020-07-03,57315.06,0.0,57315.06
2020-07-06,59257.96,0.0,59257.96
2020-07-07,59415.95,0.0,59415.95
2020-07-08,59008.9,0.0,59008.9
2020-07-09,61388.66,0.0,61388.66
2020-07-10,61439.96,0.0,61439.96
2020-07-13,61828.5,0.0,61828.5
2020-07-14,60298.03,0.0,60298.03
2020-07-15,59622.09,0.0,59622.09
2020-07-16,59183.99,0.0,59183.99
2020-07-17,59618.76,0.0,59618.76
2020-07-20,60120.77,0.0,60120.77
2020-07-21,61548.08,0.0,61548.08
2020-07-22,60901.44,0.0,60901.44
2020-07-23,62226.29,0.0,62226.29
2020-07-24,62508.79,0.0,62508.79
2020-07-27,61351.19,0.0,61351.19
2020-07-28,61363.01,0.0,61363.01
2020-07-29,62307.52,0.0,62307.52
2020-07-30,60306.86,0.0,60306.86
2020-08-03,59698.67,0.0,59698.67
2020-08-04,60654.9,0.0,60654.9
2020-08-05,60697.6,0.0,60697.6
2020-08-06,60425.41,0.0,60425.41
2020-08-07,62451.68,0.0,62451.68
2020-08-10,62906.38,0.0,62906.38
2020-08-11,64426.36,0.0,64426.36
2020-08-12,64345.58,0.0,64345.58
2020-08-13,64773.48,0.0,64773.48
2020-08-14,64932.99,0.0,64932.99
2020-08-17,67448.61,0.0,67448.61
2020-08-18,67843.51,0.0,67843.51
2020-08-19,68239.68,0.0,68239.68
2020-08-20,67240.98,0.0,67240.98
2020-08-21,69614.68,0.0,69614.68
2020-08-24,70732.34,0.0,70732.34
2020-08-25,69880.62,0.0,69880.62
2020-08-26,70724.12,0.0,70724.12
2020-08-27,70775.02,0.0,70775.02
2020-08-28,70574.91,0.0,70574.91
2020-08-31,67209.57,0.0,67209.57
2020-09-01,65763.49,0.0,65763.49
2020-09-02,67462.98,0.0,67462.98
2020-09-03,67105.29,0.0,67105.29
2020-09-04,67600.31,0.0,67600.31
2020-09-07,66546.58,0.0,66546.58
2020-09-08,66212.14,0.0,66212.14
2020-09-09,64745.99,0.0,64745.99
2020-09-10,66105.4,0.0,66105.4
2020-09-11,65601.18,0.0,65601.18
2020-09-14,69009.11,0.0,69009.11
2020-09-15,70379.18,0.0,70379.18
2020-09-16,71480.94,0.0,71480.94
2020-09-17,70193.28,0.0,70193.28
2020-09-18,69778.4,0.0,69778.4
2020-09-21,67542.01,0.0,67542.01
2020-09-22,65573.64,0.0,65573.64
2020-09-23,65477.49,0.0,65477.49
2020-09-24,63643.64,0.0,63643.64
2020-09-25,66258.84,0.0,66258.84
2020-09-28,68210.67,0.0,68210.67
2020-09-29,67999.45,0.0,67999.45
2020-09-30,67979.85,0.0,67979.85
2020-10-01,69511.11,0.0,69511.11
2020-10-05,69202.63,0.0,69202.63
2020-10-06,69373.73,0.0,69373.73
2020-10-07,68761.35,0.0,68761.35
2020-10-08,68941.08,0.0,68941.08
2020-10-09,68520.23,0.0,68520.23
2020-10-12,67456.32,0.0,67456.32
2020-10-13,67373.62,0.0,67373.62
2020-10-14,67788.99,0.0,67788.99
2020-10-15,66697.3,0.0,66697.3
2020-10-16,67182.01,0.0,67182.01
2020-10-19,66806.23,0.0,66806.23
2020-10-20,67007.17,0.0,67007.17
2020-10-21,67447.34,0.0,67447.34
2020-10-22,67258.18,0.0,67258.18
2020-10-23,67034.57,0.0,67034.57
2020-10-26,65781.48,0.0,65781.48
2020-10-27,65544.68,0.0,65544.68
2020-10-28,66616.81,0.0,66616.81
2020-10-29,66074.71,0.0,66074.71
2020-10-30,65978.09,0.0,65978.09
2020-11-02,65365.74,0.0,65365.74
2020-11-03,65298.31,0.0,65298.31
2020-11-04,66622.54,0.0,66622.54
2020-11-05,69577.14,0.0,69577.14
2020-11-06,71538.99,0.0,71538.99
2020-11-09,72205.99,0.0,72205.99
2020-11-10,71346.57,0.0,71346.57
2020-11-11,70687.03,0.0,70687.03
2020-11-12,72246.18,0.0,72246.18
2020-11-13,71945.04,0.0,71945.04
2020-11-17,71769.73,0.0,71769.73
2020-11-18,72152.51,0.0,72152.51
2020-11-19,72481.18,0.0,72481.18
2020-11-20,72796.89,0.0,72796.89
2020-11-23,76105.12,0.0,76105.12
2020-11-24,77727.98,0.0,77727.98
2020-11-25,76700.48,0.0,76700.48
2020-11-26,76387.61,0.0,76387.61
2020-11-27,80603.91,0.0,80603.91
2020-12-01,80293.41,0.0,80293.41
2020-12-02,82440.86,0.0,82440.86
2020-12-03,81827.1,0.0,81827.1
2020-12-04,81553.0,0.0,81553.0
2020-12-07,81689.12,0.0,81689.12
2020-12-08,82006.48,0.0,82006.48
2020-12-09,81672.63,0.0,81672.63
2020-12-10,80343.1,0.0,80343.1
2020-12-11,80894.94,0.0,80894.94
2020-12-14,80830.39,0.0,80830.39
2020-12-15,80106.41,0.0,80106.41
2020-12-16,80332.92,0.0,80332.92
2020-12-17,80741.89,0.0,80741.89
2020-12-18,80725.64,0.0,80725.64
2020-12-21,77217.34,0.0,77217.34
2020-12-22,77741.24,0.0,77741.24
2020-12-23,80782.52,0.0,80782.52
2020-12-24,80963.64,0.0,80963.64
2020-12-28,80621.75,0.0,80621.75
2020-12-29,80480.71,0.0,80480.71
2020-12-30,80386.22,0.0,80386.22
2020-12-31,80556.52,0.0,80556.52
2021-01-01,91709.09,0.0,91709.09
2021-01-04,93067.72,0.0,93067.72
2021-01-05,94826.26,0.0,94826.26
2021-01-06,94034.05,0.0,94034.05
2021-01-07,93712.2,0.0,93712.2
2021-01-08,94637.98,0.0,94637.98
2021-01-11,93811.86,0.0,93811.86
2021-01-12,93553.29,0.0,93553.29
2021-01-13,93259.57,0.0,93259.57
2021-01-14,92876.0,0.0,92876.0
2021-01-15,91221.39,0.0,91221.39
2021-01-18,89557.0,0.0,89557.0
2021-01-19,90827.84,0.0,90827.84
2021-01-20,90673.72,0.0,90673.72
2021-01-21,91152.38,0.0,91152.38
2021-01-22,89342.54,0.0,89342.54
2021-01-25,88781.47,0.0,88781.47
2021-01-27,87568.36,0.0,87568.36
2021-01-28,88150.66,0.0,88150.66
2021-01-29,87945.44,0.0,87945.44
2021-02-01,89723.75,0.0,89723.75
2021-02-02,89445.35,0.0,89445.35
2021-02-03,90688.05,0.0,90688.05
2021-02-04,91992.18,0.0,91992.18
2021-02-05,90643.86,0.0,90643.86
2021-02-08,90357.81,0.0,90357.81
2021-02-09,90904.02,0.0,90904.02
2021-02-10,92224.57,0.0,92224.57
2021-02-11,92815.48,0.0,92815.48
2021-02-12,92921.75,0.0,92921.75
2021-02-15,92519.28,0.0,92519.28
2021-02-16,92367.62,0.0,92367.62
2021-02-17,94418.49,0.0,94418.49
2021-02-18,94946.27,0.0,94946.27
2021-02-19,93814.43,0.0,93814.43
2021-02-22,93686.64,0.0,93686.64
2021-02-23,92834.53,0.0,92834.53
2021-02-24,93385.98,0.0,93385.98
2021-02-25,97838.89,0.0,97838.89
2021-02-26,96703.79,0.0,96703.79
2021-03-01,95512.6,0.0,95512.6
2021-03-02,96708.78,0.0,96708.78
2021-03-03,98226.59,0.0,98226.59
2021-03-04,98507.52,0.0,98507.52
2021-03-05,96895.36,0.0,96895.36
2021-03-08,97865.06,0.0,97865.06
2021-03-09,96920.39,0.0,96920.39
2021-03-10,96947.24,0.0,96947.24
2021-03-12,96943.56,0.0,96943.56
2021-03-15,95752.16,0.0,95752.16
2021-03-16,95327.91,0.0,95327.91
2021-03-17,94930.26,0.0,94930.26
2021-03-18,92573.64,0.0,92573.64
2021-03-19,93949.73,0.0,93949.73
2021-03-22,94339.64,0.0,94339.64
2021-03-23,95189.02,0.0,95189.02
2021-03-24,94690.54,0.0,94690.54
2021-03-25,93419.75,0.0,93419.75
2021-03-26,93729.34,0.0,93729.34
2021-03-30,95380.27,0.0,95380.27
2021-03-31,95978.44,0.0,95978.44
2021-04-01,98818.27,0.0,98818.27
2021-04-05,96363.56,0.0,96363.56
2021-04-06,97306.57,0.0,97306.57
2021-04-07,99304.02,0.0,99304.02
2021-04-08,100181.15,0.0,100181.15
2021-04-09,101305.99,0.0,101305.99
2021-04-12,96382.51,0.0,96382.51
2021-04-13,98823.54,0.0,98823.54
2021-04-15,98246.92,0.0,98246.92
2021-04-16,98633.24,0.0,98633.24
2021-04-19,97391.9,0.0,97391.9
2021-04-20,97825.32,0.0,97825.32
2021-04-22,97462.94,0.0,97462.94
2021-04-23,98916.54,0.0,98916.54
2021-04-26,100572.25,0.0,100572.25
2021-04-27,105580.47,0.0,105580.47
2021-04-28,106230.42,0.0,106230.42
2021-04-29,108135.63,0.0,108135.63
2021-04-30,111387.18,0.0,111387.18
2021-05-03,117499.7,0.0,117499.7
2021-05-04,115808.92,0.0,115808.92
2021-05-05,115852.23,0.0,115852.23
2021-05-06,118518.84,0.0,118518.84
2021-05-07,117428.7,0.0,117428.7
2021-05-10,118678.59,0.0,118678.59
2021-05-11,122088.46,0.0,122088.46
2021-05-12,125251.11,0.0,125251.11
2021-05-14,121916.82,0.0,121916.82
2021-05-17,121622.43,0.0,121622.43
2021-05-18,123909.11,0.0,123909.11
2021-05-19,122668.32,0.0,122668.32
2021-05-20,122777.78,0.0,122777.78
2021-05-21,124050.6,0.0,124050.6
2021-05-24,123952.92,0.0,123952.92
2021-05-25,123648.82,0.0,123648.82
2021-05-26,124376.19,0.0,124376.19
2021-05-27,126621.34,0.0,126621.34
2021-05-28,124904.78,0.0,124904.78
2021-05-31,124362.45,0.0,124362.45
2021-06-01,127544.75,0.0,127544.75
2021-06-02,127601.75,0.0,127601.75
2021-06-03,128364.51,0.0,128364.51
2021-06-04,129051.55,0.0,129051.55
2021-06-07,131015.47,0.0,131015.47
2021-06-08,131204.17,0.0,131204.17
2021-06-09,132860.1,0.0,132860.1
2021-06-10,133652.62,0.0,133652.62
2021-06-11,133533.03,0.0,133533.03
2021-06-14,133173.83,0.0,133173.83
2021-06-15,133853.98,0.0,133853.98
2021-06-16,134445.61,0.0,134445.61
2021-06-17,133948.49,0.0,133948.49
2021-06-18,132432.63,0.0,132432.63
2021-06-21,133417.46,0.0,133417.46
2021-06-22,133705.16,0.0,133705.16
2021-06-23,132176.5,0.0,132176.5
2021-06-24,132179.24,0.0,132179.24
2021-06-25,132779.88,0.0,132779.88
2021-06-28,133102.65,0.0,133102.65
2021-06-29,133514.33,0.0,133514.33
2021-06-30,134652.1,0.0,134652.1
2021-07-01,137986.53,0.0,137986.53
2021-07-02,139057.73,0.0,139057.73
2021-07-05,139787.89,0.0,139787.89
2021-07-06,138654.49,0.0,138654.49
2021-07-07,138443.8,0.0,138443.8
2021-07-08,138089.42,0.0,138089.42
2021-07-09,138806.98,0.0,138806.98
2021-07-12,141027.2,0.0,141027.2
2021-07-13,143210.96,0.0,143210.96
2021-07-14,142162.23,0.0,142162.23
2021-07-15,141649.86,0.0,141649.86
2021-07-16,141073.09,0.0,141073.09
2021-07-19,139660.57,0.0,139660.57
2021-07-20,138440.8,0.0,138440.8
2021-07-22,142239.7,0.0,142239.7
2021-07-23,145416.74,0.0,145416.74
2021-07-26,153388.07,0.0,153388.07
2021-07-27,156244.15,0.0,156244.15
2021-07-28,153566.67,0.0,153566.67
2021-07-29,150269.03,0.0,150269.03
2021-07-30,153584.15,0.0,153584.15
2021-08-02,154504.73,0.0,154504.73
2021-08-03,153260.03,0.0,153260.03
2021-08-04,150772.5,0.0,150772.5
2021-08-05,150092.39,0.0,150092.39
2021-08-06,153140.89,0.0,153140.89
2021-08-09,153615.96,0.0,153615.96
2021-08-10,149925.89,0.0,149925.89
2021-08-11,151352.56,0.0,151352.56
2021-08-12,152874.65,0.0,152874.65
2021-08-13,155017.49,0.0,155017.49
2021-08-16,154221.46,0.0,154221.46
2021-08-17,154043.75,0.0,154043.75
2021-08-18,153300.77,0.0,153300.77
2021-08-20,150020.79,0.0,150020.79
2021-08-23,145741.72,0.0,145741.72
2021-08-24,146192.82,0.0,146192.82
2021-08-25,145276.09,0.0,145276.09
2021-08-26,145415.85,0.0,145415.85
2021-08-27,150931.43,0.0,150931.43
2021-08-30,153071.42,0.0,153071.42
2021-08-31,152462.92,0.0,152462.92
2021-09-01,150100.69,0.0,150100.69
2021-09-02,148780.19,0.0,148780.19
2021-09-03,148814.34,0.0,148814.34
2021-09-06,148016.41,0.0,148016.41
2021-09-07,146856.01,0.0,146856.01
2021-09-08,146341.74,0.0,146341.74
2021-09-09,148076.29,0.0,148076.29
2021-09-13,150155.93,0.0,150155.93
2021-09-14,150140.2,0.0,150140.2
2021-09-15,150810.89,0.0,150810.89
2021-09-16,149917.85,0.0,149917.85
2021-09-17,146560.6,0.0,146560.6
2021-09-20,141531.51,0.0,141531.51
2021-09-21,145741.63,0.0,145741.63
2021-09-22,144893.31,0.0,144893.31
2021-09-23,145512.11,0.0,145512.11
2021-09-24,148247.25,0.0,148247.25
2021-09-27,146682.76,0.0,146682.76
2021-09-28,145568.38,0.0,145568.38
2021-09-29,146090.43,0.0,146090.43
2021-09-30,146401.2,0.0,146401.2
2021-10-01,148887.11,0.0,148887.11
2021-10-04,152013.27,0.0,152013.27
2021-10-05,157457.41,0.0,157457.41
2021-10-06,158320.18,0.0,158320.18
2021-10-07,160661.03,0.0,160661.03
2021-10-08,160999.13,0.0,160999.13
2021-10-11,159862.62,0.0,159862.62
2021-10-12,159031.19,0.0,159031.19
2021-10-13,160000.35,0.0,160000.35
2021-10-14,158967.93,0.0,158967.93
2021-10-18,160627.91,0.0,160627.91
2021-10-19,157294.99,0.0,157294.99
2021-10-20,151358.87,0.0,151358.87
2021-10-21,151111.36,0.0,151111.36
2021-10-22,148669.2,0.0,148669.2
2021-10-25,144184.11,0.0,144184.11
2021-10-26,150347.73,0.0,150347.73
2021-10-27,148837.31,0.0,148837.31
2021-10-28,145560.93,0.0,145560.93
2021-10-29,143168.48,0.0,143168.48
2021-11-01,143392.27,0.0,143392.27
2021-11-02,138697.13,0.0,138697.13
2021-11-03,136990.47,0.0,136990.47
2021-11-08,136801.34,0.0,136801.34
2021-11-09,138127.21,0.0,138127.21
2021-11-10,137332.02,0.0,137332.02
2021-11-11,135138.98,0.0,135138.98
2021-11-12,136085.99,0.0,136085.99
2021-11-15,137209.43,0.0,137209.43
2021-11-16,139616.91,0.0,139616.91
2021-11-17,139195.33,0.0,139195.33
2021-11-18,136342.63,0.0,136342.63
2021-11-22,130317.81,0.0,130317.81
2021-11-23,132986.44,0.0,132986.44
2021-11-24,135416.53,0.0,135416.53
2021-11-25,135592.4,0.0,135592.4
2021-11-26,132981.66,0.0,132981.66
2021-11-29,129397.78,0.0,129397.78
2021-11-30,131570.14,0.0,131570.14
2021-12-01,130824.41,0.0,130824.41
2021-12-02,134499.83,0.0,134499.83
2021-12-03,134481.74,0.0,134481.74
2021-12-06,131756.33,0.0,131756.33
2021-12-07,133730.84,0.0,133730.84
2021-12-08,136023.23,0.0,136023.23
2021-12-09,135181.09,0.0,135181.09
2021-12-10,135181.62,0.0,135181.62
2021-12-13,136157.33,0.0,136157.33
2021-12-14,134933.17,0.0,134933.17
2021-12-15,133907.91,0.0,133907.91
2021-12-16,133753.05,0.0,133753.05
2021-12-17,133117.87,0.0,133117.87
2021-12-20,127528.95,0.0,127528.95
2021-12-21,126484.2,0.0,126484.2
2021-12-22,130011.7,0.0,130011.7
2021-12-23,132658.94,0.0,132658.94
2021-12-24,131188.24,0.0,131188.24
2021-12-27,133029.46,0.0,133029.46
2021-12-28,136812.53,0.0,136812.53
2021-12-29,137662.87,0.0,137662.87
2021-12-30,138110.77,0.0,138110.77
2021-12-31,143902.42,0.0,143902.42
2022-01-03,149533.67,0.0,149533.67
2022-01-04,148591.57,0.0,148591.57
2022-01-05,147913.04,0.0,147913.04
2022-01-06,149260.36,0.0,149260.36
2022-01-07,148753.94,0.0,148753.94
2022-01-10,151547.56,0.0,151547.56
2022-01-11,152064.93,0.0,152064.93
2022-01-12,153826.35,0.0,153826.35
2022-01-13,154644.4,0.0,154644.4
2022-01-14,154042.63,0.0,154042.63
2022-01-17,154092.48,0.0,154092.48
2022-01-18,150894.71,0.0,150894.71
2022-01-19,149190.88,0.0,149190.88
2022-01-20,149885.75,0.0,149885.75
2022-01-21,145050.48,0.0,145050.48
2022-01-24,137665.37,0.0,137665.37
2022-01-25,140910.97,0.0,140910.97
2022-01-27,138633.42,0.0,138633.42
2022-01-28,139759.48,0.0,139759.48
2022-01-31,139681.89,0.0,139681.89
2022-02-01,137155.62,0.0,137155.62
2022-02-02,134369.72,0.0,134369.72
2022-02-03,131475.95,0.0,131475.95
2022-02-04,130685.4,0.0,130685.4
2022-02-07,129923.56,0.0,129923.56
2022-02-08,130553.24,0.0,130553.24
2022-02-09,131460.99,0.0,131460.99
2022-02-10,131981.26,0.0,131981.26
2022-02-11,130519.21,0.0,130519.21
2022-02-14,125722.18,0.0,125722.18
2022-02-15,127542.31,0.0,127542.31
2022-02-16,129043.36,0.0,129043.36
2022-02-17,128622.2,0.0,128622.2
2022-02-18,127783.73,0.0,127783.73
2022-02-21,124900.22,0.0,124900.22
2022-02-22,123951.48,0.0,123951.48
2022-02-23,124444.3,0.0,124444.3
2022-02-24,116438.33,0.0,116438.33
2022-02-25,123699.95,0.0,123699.95
2022-02-28,124044.61,0.0,124044.61
2022-03-02,125083.35,0.0,125083.35
2022-03-03,123345.51,0.0,123345.51
2022-03-04,120765.11,0.0,120765.11
2022-03-07,118601.58,0.0,118601.58
2022-03-08,119475.83,0.0,119475.83
2022-03-09,124043.09,0.0,124043.09
2022-03-10,127155.03,0.0,127155.03
2022-03-11,126854.4,0.0,126854.4
2022-03-14,125953.8,0.0,125953.8
2022-03-15,125430.23,0.0,125430.23
2022-03-16,126289.73,0.0,126289.73
2022-03-17,127752.27,0.0,127752.27
2022-03-21,128287.82,0.0,128287.82
2022-03-22,129660.26,0.0,129660.26
2022-03-23,129577.11,0.0,129577.11
2022-03-24,129008.07,0.0,129008.07
2022-03-25,127616.3,0.0,127616.3
2022-03-28,127032.58,0.0,127032.58
2022-03-29,127599.82,0.0,127599.82
2022-03-30,131267.19,0.0,131267.19
2022-03-31,130490.35,0.0,130490.35
2022-04-01,133894.85,0.0,133894.85
2022-04-04,139524.26,0.0,139524.26
2022-04-05,144209.15,0.0,144209.15
2022-04-06,144755.63,0.0,144755.63
2022-04-07,142949.06,0.0,142949.06
2022-04-08,145769.98,0.0,145769.98
2022-04-11,145961.46,0.0,145961.46
2022-04-12,142965.17,0.0,142965.17
2022-04-13,142233.13,0.0,142233.13
2022-04-18,140411.63,0.0,140411.63
2022-04-19,139298.33,0.0,139298.33
2022-04-20,138977.62,0.0,138977.62
2022-04-21,140794.13,0.0,140794.13
2022-04-22,139195.33,0.0,139195.33
2022-04-25,137717.64,0.0,137717.64
2022-04-26,140299.14,0.0,140299.14
2022-04-27,138954.47,0.0,138954.47
2022-04-28,140401.95,0.0,140401.95
2022-04-29,140103.91,0.0,140103.91
2022-05-02,134959.69,0.0,134959.69
2022-05-04,132124.77,0.0,132124.77
2022-05-05,130119.3,0.0,130119.3
2022-05-06,126126.24,0.0,126126.24
2022-05-09,123813.13,0.0,123813.13
2022-05-10,122945.21,0.0,122945.21
2022-05-11,125536.56,0.0,125536.56
2022-05-12,123809.05,0.0,123809.05
2022-05-13,125904.07,0.0,125904.07
2022-05-16,127063.59,0.0,127063.59
2022-05-17,129274.38,0.0,129274.38
2022-05-18,128167.17,0.0,128167.17
2022-05-19,122352.46,0.0,122352.46
2022-05-20,122128.72,0.0,122128.72
2022-05-23,121512.35,0.0,121512.35
2022-05-24,119991.74,0.0,119991.74
2022-05-25,115078.76,0.0,115078.76
2022-05-26,114866.96,0.0,114866.96
2022-05-27,118195.49,0.0,118195.49
2022-05-30,124024.46,0.0,124024.46
2022-05-31,121578.88,0.0,121578.88
2022-06-01,114740.08,0.0,114740.08
2022-06-02,115231.02,0.0,115231.02
2022-06-03,114923.45,0.0,114923.45
2022-06-06,114878.76,0.0,114878.76
2022-06-07,113622.01,0.0,113622.01
2022-06-08,112556.76,0.0,112556.76
2022-06-09,112769.15,0.0,112769.15
2022-06-10,111810.51,0.0,111810.51
2022-06-13,107851.75,0.0,107851.75
2022-06-14,106857.52,0.0,106857.52
2022-06-15,107274.11,0.0,107274.11
2022-06-16,103109.17,0.0,103109.17
2022-06-17,102442.78,0.0,102442.78
2022-06-20,98716.72,0.0,98716.72
2022-06-21,101390.06,0.0,101390.06
2022-06-22,98583.37,0.0,98583.37
2022-06-23,101105.25,0.0,101105.25
2022-06-24,103354.22,0.0,103354.22
2022-06-27,105546.39,0.0,105546.39
2022-06-28,106511.9,0.0,106511.9
2022-06-29,105603.17,0.0,105603.17
2022-06-30,103079.14,0.0,103079.14
2022-07-01,103669.26,0.0,103669.26
2022-07-04,103865.14,0.0,103865.14
2022-07-05,102200.93,0.0,102200.93
2022-07-06,102122.33,0.0,102122.33
2022-07-07,102508.6,0.0,102508.6
2022-07-08,103806.43,0.0,103806.43
2022-07-11,103924.84,0.0,103924.84
2022-07-12,103681.51,0.0,103681.51
2022-07-13,104775.75,0.0,104775.75
2022-07-14,103446.26,0.0,103446.26
2022-07-15,104575.15,0.0,104575.15
2022-07-18,106347.54,0.0,106347.54
2022-07-19,108001.19,0.0,108001.19
2022-07-20,108193.55,0.0,108193.55
2022-07-21,108497.14,0.0,108497.14
2022-07-22,108608.45,0.0,108608.45
2022-07-25,110446.94,0.0,110446.94
2022-07-26,109445.41,0.0,109445.41
2022-07-27,111546.1,0.0,111546.1
2022-07-28,112372.91,0.0,112372.91
2022-07-29,112940.76,0.0,112940.76
2022-08-01,121915.2,0.0,121915.2
2022-08-02,123224.46,0.0,123224.46
2022-08-03,121892.54,0.0,121892.54
2022-08-04,122161.93,0.0,122161.93
2022-08-05,121833.23,0.0,121833.23
2022-08-08,121680.33,0.0,121680.33
2022-08-10,124125.05,0.0,124125.05
2022-08-11,124005.03,0.0,124005.03
2022-08-12,123399.57,0.0,123399.57
2022-08-16,127070.86,0.0,127070.86
2022-08-17,126050.57,0.0,126050.57
2022-08-18,126209.71,0.0,126209.71
2022-08-19,122571.1,0.0,122571.1
2022-08-22,120381.63,0.0,120381.63
2022-08-23,121355.74,0.0,121355.74
2022-08-24,123779.38,0.0,123779.38
2022-08-25,122318.52,0.0,122318.52
2022-08-26,123413.08,0.0,123413.08
2022-08-29,123979.48,0.0,123979.48
2022-08-30,127141.32,0.0,127141.32
2022-09-01,127464.61,0.0,127464.61
2022-09-02,125837.94,0.0,125837.94
2022-09-05,126170.31,0.0,126170.31
2022-09-06,126445.84,0.0,126445.84
2022-09-07,128692.76,0.0,128692.76
2022-09-08,128866.81,0.0,128866.81
2022-09-09,128186.02,0.0,128186.02
2022-09-12,130584.43,0.0,130584.43
2022-09-13,131446.07,0.0,131446.07
2022-09-14,130221.35,0.0,130221.35
2022-09-15,129242.99,0.0,129242.99
2022-09-16,125704.2,0.0,125704.2
2022-09-19,124803.43,0.0,124803.43
2022-09-20,127100.53,0.0,127100.53
2022-09-21,125730.12,0.0,125730.12
2022-09-22,126941.34,0.0,126941.34
2022-09-23,123992.08,0.0,123992.08
2022-09-26,119716.73,0.0,119716.73
2022-09-27,119384.85,0.0,119384.85
2022-09-28,117704.82,0.0,117704.82
2022-09-29,118032.42,0.0,118032.42
2022-09-30,118862.27,0.0,118862.27
2022-10-03,118525.29,0.0,118525.29
2022-10-04,119459.4,0.0,119459.4
2022-10-06,122750.34,0.0,122750.34
2022-10-07,123679.2,0.0,123679.2
2022-10-10,121827.06,0.0,121827.06
2022-10-11,120036.69,0.0,120036.69
2022-10-12,119573.22,0.0,119573.22
2022-10-13,117981.07,0.0,117981.07
2022-10-14,118277.63,0.0,118277.63
2022-10-17,117317.46,0.0,117317.46
2022-10-18,116751.02,0.0,116751.02
2022-10-19,117586.67,0.0,117586.67
2022-10-20,118134.31,0.0,118134.31
2022-10-21,117516.29,0.0,117516.29
2022-10-25,118851.16,0.0,118851.16
2022-10-27,118213.59,0.0,118213.59
2022-10-28,117258.52,0.0,117258.52
2022-10-31,115687.67,0.0,115687.67
2022-11-01,112028.36,0.0,112028.36
2022-11-02,112281.18,0.0,112281.18
2022-11-03,113170.99,0.0,113170.99
2022-11-04,115866.38,0.0,115866.38
2022-11-07,115461.94,0.0,115461.94
2022-11-09,116883.94,0.0,116883.94
2022-11-10,116708.98,0.0,116708.98
2022-11-11,116990.92,0.0,116990.92
2022-11-14,120031.23,0.0,120031.23
2022-11-15,118112.21,0.0,118112.21
2022-11-16,116672.97,0.0,116672.97
2022-11-17,115476.22,0.0,115476.22
2022-11-18,119537.25,0.0,119537.25
2022-11-21,116877.8,0.0,116877.8
2022-11-22,117521.69,0.0,117521.69
2022-11-23,118990.3,0.0,118990.3
2022-11-24,119107.1,0.0,119107.1
2022-11-25,119012.73,0.0,119012.73
2022-11-28,121905.58,0.0,121905.58
2022-11-29,125523.47,0.0,125523.47
2022-11-30,123774.29,0.0,123774.29
2022-12-01,120462.22,0.0,120462.22
2022-12-02,120482.77,0.0,120482.77
2022-12-05,123950.3,0.0,123950.3
2022-12-06,127634.63,0.0,127634.63
2022-12-07,124104.15,0.0,124104.15
2022-12-08,124615.78,0.0,124615.78
2022-12-09,122805.51,0.0,122805.51
2022-12-12,125508.43,0.0,125508.43
2022-12-13,127311.4,0.0,127311.4
2022-12-14,127206.11,0.0,127206.11
2022-12-15,124146.23,0.0,124146.23
2022-12-16,124130.59,0.0,124130.59
2022-12-19,125054.06,0.0,125054.06
2022-12-20,126982.78,0.0,126982.78
2022-12-21,122340.43,0.0,122340.43
2022-12-22,122382.24,0.0,122382.24
2022-12-23,116299.48,0.0,116299.48
2022-12-26,119015.71,0.0,119015.71
2022-12-27,120209.26,0.0,120209.26
2022-12-28,122137.0,0.0,122137.0
2022-12-29,123077.15,0.0,123077.15
2022-12-30,124070.59,0.0,124070.59
2023-01-02,147995.22,0.0,147995.22
2023-01-03,149018.1,0.0,149018.1
2023-01-04,147403.56,0.0,147403.56
2023-01-05,145836.07,0.0,145836.07
2023-01-06,143774.47,0.0,143774.47
2023-01-09,146178.48,0.0,146178.48
2023-01-10,145456.78,0.0,145456.78
2023-01-11,145441.48,0.0,145441.48
2023-01-12,146951.18,0.0,146951.18
2023-01-13,149762.82,0.0,149762.82
2023-01-16,146883.23,0.0,146883.23
2023-01-17,145548.09,0.0,145548.09
2023-01-18,148150.49,0.0,148150.49
2023-01-19,148768.86,0.0,148768.86
2023-01-20,150538.59,0.0,150538.59
2023-01-23,150821.21,0.0,150821.21
2023-01-24,150923.81,0.0,150923.81
2023-01-25,148440.88,0.0,148440.88
2023-01-27,146291.81,0.0,146291.81
2023-01-30,146395.94,0.0,146395.94
2023-01-31,148887.74,0.0,148887.74
2023-02-01,147812.21,0.0,147812.21
2023-02-02,149612.28,0.0,149612.28
2023-02-03,150575.56,0.0,150575.56
2023-02-06,154497.43,0.0,154497.43
2023-02-07,151840.12,0.0,151840.12
2023-02-08,150208.45,0.0,150208.45
2023-02-09,152131.18,0.0,152131.18
2023-02-10,151487.4,0.0,151487.4
2023-02-13,150912.22,0.0,150912.22
2023-02-14,148631.59,0.0,148631.59
2023-02-15,149231.64,0.0,149231.64
2023-02-16,149394.72,0.0,149394.72
2023-02-17,148074.07,0.0,148074.07
2023-02-20,146096.18,0.0,146096.18
2023-02-21,144371.89,0.0,144371.89
2023-02-22,140152.91,0.0,140152.91
2023-02-23,143354.87,0.0,143354.87
2023-02-24,142542.72,0.0,142542.72
2023-02-27,140842.62,0.0,140842.62
2023-02-28,141823.19,0.0,141823.19
2023-03-01,135916.39,0.0,135916.39
2023-03-02,137510.55,0.0,137510.55
2023-03-03,139894.46,0.0,139894.46
2023-03-06,142567.64,0.0,142567.64
2023-03-08,144283.55,0.0,144283.55
2023-03-09,146041.28,0.0,146041.28
2023-03-10,146742.05,0.0,146742.05
2023-03-13,146493.24,0.0,146493.24
2023-03-14,141598.97,0.0,141598.97
2023-03-15,141296.93,0.0,141296.93
2023-03-16,136424.12,0.0,136424.12
2023-03-17,142949.52,0.0,142949.52
2023-03-20,139541.11,0.0,139541.11
2023-03-21,140924.93,0.0,140924.93
2023-03-22,142314.34,0.0,142314.34
2023-03-23,141381.7,0.0,141381.7
2023-03-24,136929.19,0.0,136929.19
2023-03-27,133518.67,0.0,133518.67
2023-03-28,129680.21,0.0,129680.21
2023-03-29,134629.22,0.0,134629.22
2023-03-31,139813.5,0.0,139813.5
2023-04-03,141864.07,0.0,141864.07
2023-04-05,143078.76,0.0,143078.76
2023-04-06,145673.59,0.0,145673.59
2023-04-10,145489.86,0.0,145489.86
2023-04-11,149843.07,0.0,149843.07
2023-04-12,147808.4,0.0,147808.4
2023-04-13,147384.51,0.0,147384.51
2023-04-17,145963.72,0.0,145963.72
2023-04-18,146387.62,0.0,146387.62
2023-04-19,146165.11,0.0,146165.11
2023-04-20,146576.81,0.0,146576.81
2023-04-21,147595.59,0.0,147595.59
2023-04-24,148732.44,0.0,148732.44
2023-04-25,154247.74,0.0,154247.74
2023-04-26,155797.5,0.0,155797.5
2023-04-27,157320.35,0.0,157320.35
2023-04-28,159925.88,0.0,159925.88
2023-05-02,186817.89,0.0,186817.89
2023-05-03,186637.57,0.0,186637.57
2023-05-04,190006.92,0.0,190006.92
2023-05-05,189056.97,0.0,189056.97
2023-05-08,190880.51,0.0,190880.51
2023-05-09,188924.59,0.0,188924.59
2023-05-10,187771.3,0.0,187771.3
2023-05-11,190289.37,0.0,190289.37
2023-05-12,189004.26,0.0,189004.26
2023-05-15,190583.11,0.0,190583.11
2023-05-16,195903.21,0.0,195903.21
2023-05-17,196058.75,0.0,196058.75
2023-05-18,191949.0,0.0,191949.0
2023-05-19,194003.13,0.0,194003.13
2023-05-22,195182.45,0.0,195182.45
2023-05-23,193802.11,0.0,193802.11
2023-05-24,193097.96,0.0,193097.96
2023-05-25,193425.18,0.0,193425.18
2023-05-26,199067.7,0.0,199067.7
2023-05-29,198275.27,0.0,198275.27
2023-05-30,198440.11,0.0,198440.11
2023-05-31,201311.97,0.0,201311.97
2023-06-01,216856.48,0.0,216856.48
2023-06-02,216978.75,0.0,216978.75
2023-06-05,218232.71,0.0,218232.71
2023-06-06,218388.87,0.0,218388.87
2023-06-07,222988.37,0.0,222988.37
2023-06-08,219771.9,0.0,219771.9
2023-06-09,219822.19,0.0,219822.19
2023-06-12,218026.8,0.0,218026.8
2023-06-13,220928.92,0.0,220928.92
2023-06-14,222306.29,0.0,222306.29
2023-06-15,225893.3,0.0,225893.3
2023-06-16,224400.14,0.0,224400.14
2023-06-19,223790.5,0.0,223790.5
2023-06-20,228881.15,0.0,228881.15
2023-06-21,228620.09,0.0,228620.09
2023-06-22,232577.63,0.0,232577.63
2023-06-23,232621.81,0.0,232621.81
2023-06-26,235625.07,0.0,235625.07
2023-06-27,236672.22,0.0,236672.22
2023-06-28,233462.28,0.0,233462.28
2023-06-30,234204.6,0.0,234204.6
2023-07-03,240116.62,0.0,240116.62
2023-07-04,239678.15,0.0,239678.15
2023-07-05,239675.88,0.0,239675.88
2023-07-06,239589.04,0.0,239589.04
2023-07-07,237734.75,0.0,237734.75
2023-07-10,234769.38,0.0,234769.38
2023-07-11,237643.13,0.0,237643.13
2023-07-12,240867.35,0.0,240867.35
2023-07-13,241263.82,0.0,241263.82
2023-07-14,245884.61,0.0,245884.61
2023-07-17,245544.01,0.0,245544.01
2023-07-18,250374.51,0.0,250374.51
2023-07-19,256958.47,0.0,256958.47
2023-07-20,262369.71,0.0,262369.71
2023-07-21,263386.56,0.0,263386.56
2023-07-24,268373.01,0.0,268373.01
2023-07-25,259801.56,0.0,259801.56
2023-07-26,256683.78,0.0,256683.78
2023-07-27,260651.37,0.0,260651.37
2023-07-28,254920.12,0.0,254920.12
2023-07-31,250673.6,0.0,250673.6
2023-08-01,269134.9,0.0,269134.9
2023-08-02,263835.23,0.0,263835.23
2023-08-03,266790.47,0.0,266790.47
2023-08-04,268768.35,0.0,268768.35
2023-08-07,274964.15,0.0,274964.15
2023-08-08,272725.51,0.0,272725.51
2023-08-09,280783.03,0.0,280783.03
2023-08-10,274387.03,0.0,274387.03
2023-08-11,273805.58,0.0,273805.58
2023-08-14,274426.25,0.0,274426.25
2023-08-16,281656.93,0.0,281656.93
2023-08-17,279455.84,0.0,279455.84
2023-08-18,275983.75,0.0,275983.75
2023-08-21,272821.69,0.0,272821.69
2023-08-22,275303.24,0.0,275303.24
2023-08-23,285031.49,0.0,285031.49
2023-08-24,290079.83,0.0,290079.83
2023-08-25,289677.56,0.0,289677.56
2023-08-28,293205.8,0.0,293205.8
2023-08-29,290009.94,0.0,290009.94
2023-08-30,290457.81,0.0,290457.81
2023-08-31,289941.08,0.0,289941.08
2023-09-01,287732.25,0.0,287732.25
2023-09-04,289633.79,0.0,289633.79
2023-09-05,290759.04,0.0,290759.04
2023-09-06,303085.45,0.0,303085.45
2023-09-07,295116.33,0.0,295116.33
2023-09-08,297036.57,0.0,297036.57
2023-09-11,298854.13,0.0,298854.13
2023-09-12,283196.85,0.0,283196.85
2023-09-13,283588.91,0.0,283588.91
2023-09-14,290596.06,0.0,290596.06
2023-09-15,295314.11,0.0,295314.11
2023-09-18,289168.05,0.0,289168.05
2023-09-20,285025.86,0.0,285025.86
2023-09-21,280276.6,0.0,280276.6
2023-09-22,280766.21,0.0,280766.21
2023-09-25,284121.86,0.0,284121.86
2023-09-26,286855.01,0.0,286855.01
2023-09-27,287394.07,0.0,287394.07
2023-09-28,288311.44,0.0,288311.44
2023-09-29,286930.54,0.0,286930.54
2023-10-03,283748.77,0.0,283748.77
2023-10-04,283039.19,0.0,283039.19
2023-10-05,283260.56,0.0,283260.56
2023-10-06,286968.81,0.0,286968.81
2023-10-09,278724.43,0.0,278724.43
2023-10-10,282265.56,0.0,282265.56
2023-10-11,288670.1,0.0,288670.1
2023-10-12,288686.73,0.0,288686.73
2023-10-13,290051.0,0.0,290051.0
2023-10-16,285562.31,0.0,285562.31
2023-10-17,286080.3,0.0,286080.3
2023-10-18,283170.13,0.0,283170.13
2023-10-19,285583.16,0.0,285583.16
2023-10-20,286992.25,0.0,286992.25
2023-10-23,277678.05,0.0,277678.05
2023-10-25,272257.17,0.0,272257.17
2023-10-26,281280.23,0.0,281280.23
2023-10-27,294964.39,0.0,294964.39
2023-10-30,296083.67,0.0,296083.67
2023-10-31,299457.16,0.0,299457.16
2023-11-01,309072.57,0.0,309072.57
2023-11-02,310526.4,0.0,310526.4
2023-11-03,307959.51,0.0,307959.51
2023-11-06,310551.27,0.0,310551.27
2023-11-07,307082.59,0.0,307082.59
2023-11-08,311231.43,0.0,311231.43
2023-11-09,314618.35,0.0,314618.35
2023-11-10,313779.45,0.0,313779.45
2023-11-13,313383.59,0.0,313383.59
2023-11-15,314305.71,0.0,314305.71
2023-11-16,314147.37,0.0,314147.37
2023-11-17,316586.35,0.0,316586.35
2023-11-20,323862.03,0.0,323862.03
2023-11-21,318556.76,0.0,318556.76
2023-11-22,319007.83,0.0,319007.83
2023-11-23,313690.98,0.0,313690.98
2023-11-24,316958.87,0.0,316958.87
2023-11-28,315823.35,0.0,315823.35
2023-11-29,319519.47,0.0,319519.47
2023-11-30,323074.27,0.0,323074.27
2023-12-01,329144.5,0.0,329144.5
2023-12-04,331876.41,0.0,331876.41
2023-12-05,332675.15,0.0,332675.15
2023-12-06,336383.35,0.0,336383.35
2023-12-07,325725.61,0.0,325725.61
2023-12-08,322519.81,0.0,322519.81
2023-12-11,328087.59,0.0,328087.59
2023-12-12,327747.77,0.0,327747.77
2023-12-13,328607.42,0.0,328607.42
2023-12-14,337393.84,0.0,337393.84
2023-12-15,343037.75,0.0,343037.75
2023-12-18,341139.97,0.0,341139.97
2023-12-19,340049.72,0.0,340049.72
2023-12-20,326856.3,0.0,326856.3
2023-12-21,335164.36,0.0,335164.36
2023-12-22,337123.06,0.0,337123.06
2023-12-26,336060.8,0.0,336060.8
2023-12-27,337140.51,0.0,337140.51
2023-12-28,334056.18,0.0,334056.18
2023-12-29,337090.09,0.0,337090.09
2024-01-01,373757.91,0.0,373757.91
2024-01-02,375037.62,0.0,375037.62
2024-01-03,376310.92,0.0,376310.92
2024-01-04,382747.24,0.0,382747.24
2024-01-05,377970.1,0.0,377970.1
2024-01-08,374400.82,0.0,374400.82
2024-01-09,375602.55,0.0,375602.55
2024-01-10,373971.27,0.0,373971.27
2024-01-11,374588.49,0.0,374588.49
2024-01-12,374914.03,0.0,374914.03
2024-01-15,374775.56,0.0,374775.56
2024-01-16,378616.59,0.0,378616.59
2024-01-17,373966.95,0.0,373966.95
2024-01-18,372257.07,0.0,372257.07
2024-01-19,375360.62,0.0,375360.62
2024-01-22,375360.62,0.0,375360.62
2024-01-23,364513.81,0.0,364513.81
2024-01-24,370045.18,0.0,370045.18
2024-01-25,376389.07,0.0,376389.07
2024-01-29,375466.31,0.0,375466.31
2024-01-30,373694.81,0.0,373694.81
2024-01-31,372363.92,0.0,372363.92
2024-02-01,363805.83,0.0,363805.83
2024-02-02,367353.11,0.0,367353.11
2024-02-05,360012.72,0.0,360012.72
2024-02-06,366412.19,0.0,366412.19
2024-02-07,365013.66,0.0,365013.66
2024-02-08,362899.72,0.0,362899.72
2024-02-09,354789.29,0.0,354789.29
2024-02-12,350102.1,0.0,350102.1
2024-02-13,351082.92,0.0,351082.92
2024-02-14,347797.35,0.0,347797.35
2024-02-15,357955.43,0.0,357955.43
2024-02-16,365406.89,0.0,365406.89
2024-02-19,371826.48,0.0,371826.48
2024-02-20,370400.01,0.0,370400.01
2024-02-21,368454.77,0.0,368454.77
2024-02-22,369141.02,0.0,369141.02
2024-02-23,368579.62,0.0,368579.62
2024-02-26,368426.43,0.0,368426.43
2024-02-27,367944.17,0.0,367944.17
2024-02-28,360164.03,0.0,360164.03
2024-02-29,355969.33,0.0,355969.33
2024-03-01,359332.97,0.0,359332.97
2024-03-04,362307.14,0.0,362307.14
2024-03-05,359784.44,0.0,359784.44
2024-03-06,355518.93,0.0,355518.93
2024-03-07,364620.01,0.0,364620.01
2024-03-11,360472.98,0.0,360472.98
2024-03-12,346876.04,0.0,346876.04
2024-03-13,326445.99,0.0,326445.99
2024-03-14,347486.29,0.0,347486.29
2024-03-15,343105.46,0.0,343105.46
2024-03-18,341838.4,0.0,341838.4
2024-03-19,338728.93,0.0,338728.93
2024-03-20,336898.61,0.0,336898.61
2024-03-21,346537.77,0.0,346537.77
2024-03-22,352695.44,0.0,352695.44
2024-03-26,355226.32,0.0,355226.32
2024-03-27,355861.16,0.0,355861.16
2024-03-28,355529.11,0.0,355529.11
2024-04-01,384354.89,0.0,384354.89
2024-04-02,390508.06,0.0,390508.06
2024-04-03,394116.76,0.0,394116.76
2024-04-04,394251.93,0.0,394251.93
2024-04-05,394458.81,0.0,394458.81
2024-04-08,391580.74,0.0,391580.74
2024-04-09,390977.89,0.0,390977.89
2024-04-10,389953.28,0.0,389953.28
2024-04-12,387050.31,0.0,387050.31
2024-04-15,385732.83,0.0,385732.83
2024-04-16,379959.44,0.0,379959.44
2024-04-18,378586.42,0.0,378586.42
2024-04-19,383436.29,0.0,383436.29
2024-04-22,390134.78,0.0,390134.78
2024-04-23,393726.29,0.0,393726.29
2024-04-24,403907.43,0.0,403907.43
2024-04-25,403087.28,0.0,403087.28
2024-04-26,399845.9,0.0,399845.9
2024-04-29,400433.69,0.0,400433.69
2024-04-30,403301.44,0.0,403301.44
2024-05-02,422405.24,0.0,422405.24
2024-05-03,420672.64,0.0,420672.64
2024-05-06,412559.02,0.0,412559.02
2024-05-07,402714.23,0.0,402714.23
2024-05-08,406888.34,0.0,406888.34
2024-05-09,400135.92,0.0,400135.92
2024-05-10,401608.26,0.0,401608.26
2024-05-13,403120.93,0.0,403120.93
2024-05-14,418392.09,0.0,418392.09
2024-05-15,415030.76,0.0,415030.76
2024-05-16,429537.96,0.0,429537.96
2024-05-17,436588.92,0.0,436588.92
2024-05-20,436588.92,0.0,436588.92
2024-05-21,448812.59,0.0,448812.59
2024-05-22,455864.52,0.0,455864.52
2024-05-23,459760.54,0.0,459760.54
2024-05-24,466353.69,0.0,466353.69
2024-05-27,469731.18,0.0,469731.18
2024-05-28,461942.91,0.0,461942.91
2024-05-29,462883.99,0.0,462883.99
2024-05-30,459357.73,0.0,459357.73
2024-05-31,478416.56,0.0,478416.56
2024-06-03,492454.98,0.0,492454.98
2024-06-04,439095.17,0.0,439095.17
2024-06-05,446838.59,0.0,446838.59
2024-06-06,465441.33,0.0,465441.33
2024-06-07,468686.32,0.0,468686.32
2024-06-10,477451.78,0.0,477451.78
2024-06-11,471370.27,0.0,471370.27
2024-06-12,481099.4,0.0,481099.4
2024-06-13,487467.45,0.0,487467.45
2024-06-14,489498.74,0.0,489498.74
2024-06-18,500194.88,0.0,500194.88
2024-06-19,486335.4,0.0,486335.4
2024-06-20,490182.62,0.0,490182.62
2024-06-21,480485.72,0.0,480485.72
2024-06-24,490335.55,0.0,490335.55
2024-06-25,496051.69,0.0,496051.69
2024-06-26,493413.05,0.0,493413.05
2024-06-27,489555.83,0.0,489555.83
2024-06-28,494771.33,0.0,494771.33
2024-07-01,457555.15,0.0,457555.15
2024-07-02,453876.15,0.0,453876.15
2024-07-03,460204.25,0.0,460204.25
2024-07-04,461757.79,0.0,461757.79
2024-07-05,466855.99,0.0,466855.99
2024-07-08,464879.52,0.0,464879.52
2024-07-09,472815.66,0.0,472815.66
2024-07-10,470806.09,0.0,470806.09
2024-07-11,477012.37,0.0,477012.37
2024-07-12,472389.29,0.0,472389.29
2024-07-15,475551.55,0.0,475551.55
2024-07-16,473403.59,0.0,473403.59
2024-07-18,461889.12,0.0,461889.12
2024-07-19,449890.33,0.0,449890.33
2024-07-22,451668.43,0.0,451668.43
2024-07-23,447641.87,0.0,447641.87
2024-07-24,462388.75,0.0,462388.75
2024-07-25,459430.58,0.0,459430.58
2024-07-26,472071.2,0.0,472071.2
2024-07-29,478354.35,0.0,478354.35
2024-07-30,476528.37,0.0,476528.37
2024-07-31,478826.68,0.0,478826.68
2024-08-01,461280.77,0.0,461280.77
2024-08-02,458701.62,0.0,458701.62
2024-08-05,437560.83,0.0,437560.83
2024-08-06,442744.52,0.0,442744.52
2024-08-07,459743.38,0.0,459743.38
2024-08-08,456684.89,0.0,456684.89
2024-08-09,465931.75,0.0,465931.75
2024-08-12,462588.49,0.0,462588.49
2024-08-13,459302.41,0.0,459302.41
2024-08-14,469853.27,0.0,469853.27
2024-08-16,485538.62,0.0,485538.62
2024-08-19,500087.33,0.0,500087.33
2024-08-20,491469.49,0.0,491469.49
2024-08-21,498367.97,0.0,498367.97
2024-08-22,504902.42,0.0,504902.42
2024-08-23,503573.81,0.0,503573.81
2024-08-26,499236.16,0.0,499236.16
2024-08-27,497725.84,0.0,497725.84
2024-08-28,498754.29,0.0,498754.29
2024-08-29,497576.92,0.0,497576.92
2024-08-30,518171.69,0.0,518171.69
2024-09-02,524170.29,0.0,524170.29
2024-09-03,530310.4,0.0,530310.4
2024-09-04,526643.22,0.0,526643.22
2024-09-05,529443.46,0.0,529443.46
2024-09-06,514046.27,0.0,514046.27
2024-09-09,515343.14,0.0,515343.14
2024-09-10,521117.49,0.0,521117.49
2024-09-11,520226.0,0.0,520226.0
2024-09-12,527698.65,0.0,527698.65
2024-09-13,526755.73,0.0,526755.73
2024-09-16,518730.32,0.0,518730.32
2024-09-17,509091.79,0.0,509091.79
2024-09-18,516462.71,0.0,516462.71
2024-09-19,507640.12,0.0,507640.12
2024-09-20,509097.36,0.0,509097.36
2024-09-23,511513.14,0.0,511513.14
2024-09-24,509838.49,0.0,509838.49
2024-09-25,512753.92,0.0,512753.92
2024-09-26,512566.79,0.0,512566.79
2024-09-27,516103.6,0.0,516103.6
2024-09-30,516796.59,0.0,516796.59
2024-10-01,516102.06,0.0,516102.06
2024-10-03,501285.87,0.0,501285.87
2024-10-04,490758.16,0.0,490758.16
2024-10-07,470392.87,0.0,470392.87
2024-10-08,487628.33,0.0,487628.33
2024-10-09,492523.59,0.0,492523.59
2024-10-10,502224.46,0.0,502224.46
2024-10-11,501665.21,0.0,501665.21
2024-10-14,499134.9,0.0,499134.9
2024-10-15,497220.52,0.0,497220.52
2024-10-16,495049.25,0.0,495049.25
2024-10-17,489757.09,0.0,489757.09
2024-10-18,485865.53,0.0,485865.53
2024-10-21,472065.94,0.0,472065.94
2024-10-22,443635.0,0.0,443635.0
2024-10-23,449677.23,0.0,449677.23
2024-10-24,444022.14,0.0,444022.14
2024-10-25,433927.46,0.0,433927.46
2024-10-28,438114.66,0.0,438114.66
2024-10-29,448243.92,0.0,448243.92
2024-10-30,461792.16,0.0,461792.16
2024-10-31,454285.25,0.0,454285.25
2024-11-04,498121.64,0.0,498121.64
2024-11-05,505285.85,0.0,505285.85
2024-11-06,521611.14,0.0,521611.14
2024-11-07,520075.6,0.0,520075.6
2024-11-08,507123.44,0.0,507123.44
2024-11-11,495921.61,0.0,495921.61
2024-11-12,491951.18,0.0,491951.18
2024-11-13,471991.9,0.0,471991.9
2024-11-14,473166.04,0.0,473166.04
2024-11-18,470699.64,0.0,470699.64
2024-11-19,483225.34,0.0,483225.34
2024-11-20,483225.34,0.0,483225.34
2024-11-21,481972.73,0.0,481972.73
2024-11-22,492967.96,0.0,492967.96
2024-11-25,502075.65,0.0,502075.65
2024-11-26,500903.32,0.0,500903.32
2024-11-27,520772.1,0.0,520772.1
2024-11-28,516312.04,0.0,516312.04
2024-11-29,521140.93,0.0,521140.93
2024-12-02,517070.85,0.0,517070.85
2024-12-03,526745.84,0.0,526745.84
2024-12-04,529521.36,0.0,529521.36
2024-12-05,530647.58,0.0,530647.58
2024-12-06,545085.28,0.0,545085.28
2024-12-09,559860.34,0.0,559860.34
2024-12-10,553962.26,0.0,553962.26
2024-12-11,557791.01,0.0,557791.01
2024-12-12,552893.58,0.0,552893.58
2024-12-13,564153.65,0.0,564153.65
2024-12-16,579482.47,0.0,579482.47
2024-12-17,573538.11,0.0,573538.11
2024-12-18,559284.81,0.0,559284.81
2024-12-19,553741.02,0.0,553741.02
2024-12-20,535426.84,0.0,535426.84
2024-12-23,539767.81,0.0,539767.81
2024-12-24,546008.51,0.0,546008.51
2024-12-26,541276.59,0.0,541276.59
2024-12-27,549789.52,0.0,549789.52
2024-12-30,543123.74,0.0,543123.74
2024-12-31,543964.3,0.0,543964.3
2025-01-01,544628.44,0.0,544628.44
2025-01-02,545657.06,0.0,545657.06
2025-01-03,545373.96,0.0,545373.96
2025-01-06,525398.62,0.0,525398.62
2025-01-07,528926.99,0.0,528926.99
2025-01-08,520459.47,0.0,520459.47
2025-01-09,511318.78,0.0,511318.78
2025-01-10,492584.24,0.0,492584.24
2025-01-13,464241.31,0.0,464241.31
2025-01-14,477156.99,0.0,477156.99
2025-01-15,475826.4,0.0,475826.4
2025-01-16,491623.62,0.0,491623.62
2025-01-17,487365.88,0.0,487365.88
2025-01-20,491681.6,0.0,491681.6
2025-01-21,472272.02,0.0,472272.02
2025-01-22,457296.71,0.0,457296.71
2025-01-23,459529.19,0.0,459529.19
2025-01-24,446669.58,0.0,446669.58
2025-01-27,433279.11,0.0,433279.11
2025-01-28,415067.93,0.0,415067.93
2025-01-29,440258.94,0.0,440258.94
2025-01-30,447372.24,0.0,447372.24
2025-01-31,466977.02,0.0,466977.02
2025-02-03,429635.95,0.0,429635.95
2025-02-04,437134.38,0.0,437134.38
2025-02-05,442969.86,0.0,442969.86
2025-02-06,443124.47,0.0,443124.47
2025-02-07,443771.48,0.0,443771.48
2025-02-10,420200.37,0.0,420200.37
2025-02-11,404835.03,0.0,404835.03
2025-02-12,401612.58,0.0,401612.58
2025-02-13,401081.73,0.0,401081.73
2025-02-14,378341.82,0.0,378341.82
2025-02-17,375655.41,0.0,375655.41
2025-02-18,359005.27,0.0,359005.27
2025-02-19,363736.18,0.0,363736.18
2025-02-20,367498.46,0.0,367498.46
2025-02-21,364617.55,0.0,364617.55
2025-02-24,360688.0,0.0,360688.0
2025-02-25,355187.73,0.0,355187.73
2025-02-26,355187.73,0.0,355187.73
2025-02-27,353078.79,0.0,353078.79
2025-02-28,340877.1,0.0,340877.1
2025-03-03,346247.19,0.0,346247.19
2025-03-04,354037.01,0.0,354037.01
2025-03-05,368266.88,0.0,368266.88
2025-03-06,371207.2,0.0,371207.2
2025-03-07,371895.74,0.0,371895.74
2025-03-10,368511.85,0.0,368511.85
2025-03-11,372290.45,0.0,372290.45
2025-03-12,377455.2,0.0,377455.2
2025-03-13,375269.68,0.0,375269.68
2025-03-14,375269.68,0.0,375269.68
2025-03-17,375244.04,0.0,375244.04
2025-03-18,375244.04,0.0,375244.04
2025-03-19,401540.43,0.0,401540.43
2025-03-20,408712.24,0.0,408712.24
2025-03-21,417085.28,0.0,417085.28
2025-03-24,432231.15,0.0,432231.15
2025-03-25,418033.51,0.0,418033.51
2025-03-26,421432.65,0.0,421432.65
2025-03-27,427627.4,0.0,427627.4
2025-03-28,423960.51,0.0,423960.51
2025-03-31,423960.51,0.0,423960.51
2025-04-01,423200.05,0.0,423200.05
2025-04-02,424676.12,0.0,424676.12
2025-04-03,430073.54,0.0,430073.54
2025-04-04,417776.64,0.0,417776.64
2025-04-07,393931.96,0.0,393931.96
2025-04-08,396142.41,0.0,396142.41
2025-04-09,387584.34,0.0,387584.34
2025-04-10,387584.34,0.0,387584.34
2025-04-11,406147.76,0.0,406147.76
2025-04-14,406147.76,0.0,406147.76
2025-04-15,418988.79,0.0,418988.79
2025-04-16,420636.36,0.0,420636.36
2025-04-17,421090.45,0.0,421090.45
2025-04-18,421090.45,0.0,421090.45
2025-04-21,428822.27,0.0,428822.27
2025-04-22,427697.96,0.0,427697.96
2025-04-23,428911.27,0.0,428911.27
2025-04-24,426830.81,0.0,426830.81
2025-04-25,416559.5,0.0,416559.5
2025-04-28,428002.72,0.0,428002.72
2025-04-29,434206.63,0.0,434206.63
2025-04-30,424552.89,0.0,424552.89
2025-05-01,441014.79,0.0,441014.79
2025-05-02,441868.19,0.0,441868.19
2025-05-05,453578.28,0.0,453578.28
2025-05-06,445569.44,0.0,445569.44
2025-05-07,445449.26,0.0,445449.26
2025-05-08,438859.92,0.0,438859.92
2025-05-09,441730.54,0.0,441730.54
2025-05-12,448176.25,0.0,448176.25
2025-05-13,457672.8,0.0,457672.8
2025-05-14,466865.07,0.0,466865.07
2025-05-15,472319.4,0.0,472319.4
2025-05-16,488349.5,0.0,488349.5
2025-05-19,487436.75,0.0,487436.75
2025-05-20,475350.25,0.0,475350.25
2025-05-21,485291.42,0.0,485291.42
2025-05-22,484818.17,0.0,484818.17
2025-05-23,478742.81,0.0,478742.81
2025-05-26,478553.4,0.0,478553.4
2025-05-27,476812.77,0.0,476812.77
2025-05-28,475143.67,0.0,475143.67
2025-05-29,473159.62,0.0,473159.62
2025-05-30,471326.68,0.0,471326.68
2025-06-02,485733.49,0.0,485733.49
2025-06-03,485623.17,0.0,485623.17
2025-06-04,483578.55,0.0,483578.55
2025-06-05,490740.06,0.0,490740.06
2025-06-06,486977.53,0.0,486977.53
2025-06-09,492262.28,0.0,492262.28
2025-06-10,497699.38,0.0,497699.38
2025-06-11,491917.93,0.0,491917.93
2025-06-12,486231.47,0.0,486231.47
2025-06-13,489231.27,0.0,489231.27
2025-06-16,492380.42,0.0,492380.42
2025-06-17,488849.34,0.0,488849.34
2025-06-18,486977.01,0.0,486977.01
2025-06-19,479514.14,0.0,479514.14
2025-06-20,482110.46,0.0,482110.46
2025-06-23,484668.83,0.0,484668.83
2025-06-24,480635.9,0.0,480635.9
2025-06-25,479455.3,0.0,479455.3
2025-06-26,483210.36,0.0,483210.36
2025-06-27,488639.38,0.0,488639.38
2025-06-30,484678.02,0.0,484678.02
2025-07-01,463169.59,0.0,463169.59
2025-07-02,461053.32,0.0,461053.32
2025-07-03,459219.56,0.0,459219.56
2025-07-04,458814.99,0.0,458814.99
2025-07-07,454574.27,0.0,454574.27
2025-07-08,453272.17,0.0,453272.17
2025-07-09,460307.15,0.0,460307.15
2025-07-10,461954.5,0.0,461954.5
2025-07-11,461162.99,0.0,461162.99
2025-07-14,460536.3,0.0,460536.3
2025-07-15,465696.27,0.0,465696.27
2025-07-16,477306.51,0.0,477306.51
2025-07-17,478417.12,0.0,478417.12
2025-07-18,477734.08,0.0,477734.08
2025-07-21,486475.95,0.0,486475.95
2025-07-22,499817.32,0.0,499817.32
2025-07-23,500359.49,0.0,500359.49
2025-07-24,502599.06,0.0,502599.06
2025-07-25,493355.75,0.0,493355.75
2025-07-28,491057.79,0.0,491057.79
2025-07-29,501869.29,0.0,501869.29
2025-07-30,499927.8,0.0,499927.8
2025-07-31,494851.73,0.0,494851.73
2025-08-01,544454.23,0.0,544454.23
2025-08-04,557990.21,0.0,557990.21
2025-08-05,553025.19,0.0,553025.19
2025-08-06,545422.04,0.0,545422.04
2025-08-07,538429.25,0.0,538429.25
2025-08-08,523878.94,0.0,523878.94
2025-08-11,533537.19,0.0,533537.19
2025-08-12,527460.5,0.0,527460.5
2025-08-13,528740.31,0.0,528740.31
2025-08-14,523177.3,0.0,523177.3
2025-08-15,523177.3,0.0,523177.3
2025-08-18,543329.22,0.0,543329.22
2025-08-19,560966.02,0.0,560966.02
2025-08-20,548196.7,0.0,548196.7
2025-08-21,539508.59,0.0,539508.59
2025-08-22,541661.04,0.0,541661.04
2025-08-25,538380.73,0.0,538380.73
2025-08-26,531843.41,0.0,531843.41
2025-08-27,531843.41,0.0,531843.41
2025-08-28,531862.1,0.0,531862.1
2025-08-29,529682.62,0.0,529682.62
2025-09-01,580825.57,0.0,580825.57
2025-09-02,580476.43,0.0,580476.43
2025-09-03,576385.63,0.0,576385.63
2025-09-04,571219.54,0.0,571219.54
2025-09-05,564238.68,0.0,564238.68
2025-09-08,573338.79,0.0,573338.79
2025-09-09,579268.83,0.0,579268.83
2025-09-10,578767.19,0.0,578767.19
2025-09-11,581092.93,0.0,581092.93
2025-09-12,578979.13,0.0,578979.13
2025-09-15,581675.79,0.0,581675.79
2025-09-16,585910.51,0.0,585910.51
2025-09-17,577433.1,0.0,577433.1
2025-09-18,572899.88,0.0,572899.88
2025-09-19,568540.63,0.0,568540.63
2025-09-22,566772.06,0.0,566772.06
2025-09-23,566981.71,0.0,566981.71
2025-09-24,563552.42,0.0,563552.42
2025-09-25,562848.19,0.0,562848.19
2025-09-26,549310.82,0.0,549310.82
2025-09-29,544439.08,0.0,544439.08
2025-09-30,535685.53,0.0,535685.53
