Date,Portfolio_Value,Bank,Equity
2014-07-01,1000.0,11000.0,12000.0
2014-07-02,1010.23,11000.0,12010.23
2014-07-03,1017.62,11000.0,12017.62
2014-07-04,1017.7,11000.0,12017.7
2014-07-07,1018.03,11000.0,12018.03
2014-07-08,1002.94,11000.0,12002.94
2014-07-09,989.57,11000.0,11989.57
2014-07-10,984.4,11000.0,11984.4
2014-07-11,990.41,11000.0,11990.41
2014-07-14,980.2,11000.0,11980.2
2014-07-15,992.3,11000.0,11992.3
2014-07-16,1001.16,11000.0,12001.16
2014-07-17,1033.25,11000.0,12033.25
2014-07-18,1030.61,11000.0,12030.61
2014-07-21,1035.17,11000.0,12035.17
2014-07-22,1047.36,11000.0,12047.36
2014-07-23,1082.96,11000.0,12082.96
2014-07-24,1102.56,11000.0,12102.56
2014-07-25,1071.04,11000.0,12071.04
2014-07-28,1056.75,11000.0,12056.75
2014-07-30,1053.65,11000.0,12053.65
2014-07-31,1055.41,11000.0,12055.41
2014-08-01,2042.77,10000.0,12042.77
2014-08-04,2045.35,10000.0,12045.35
2014-08-05,2048.75,10000.0,12048.75
2014-08-06,2036.77,10000.0,12036.77
2014-08-07,2025.41,10000.0,12025.41
2014-08-08,1988.5,10000.0,11988.5
2014-08-11,2012.32,10000.0,12012.32
2014-08-12,2003.72,10000.0,12003.72
2014-08-13,1945.16,10000.0,11945.16
2014-08-14,1968.59,10000.0,11968.59
2014-08-18,1993.63,10000.0,11993.63
2014-08-19,2006.59,10000.0,12006.59
2014-08-20,2025.83,10000.0,12025.83
2014-08-21,2026.27,10000.0,12026.27
2014-08-22,2019.21,10000.0,12019.21
2014-08-25,2014.56,10000.0,12014.56
2014-08-26,2000.74,10000.0,12000.74
2014-08-27,2023.69,10000.0,12023.69
2014-08-28,2025.95,10000.0,12025.95
2014-09-01,3063.85,9000.0,12063.85
2014-09-02,3070.55,9000.0,12070.55
2014-09-03,3092.8,9000.0,12092.8
2014-09-04,3094.29,9000.0,12094.29
2014-09-05,3103.1,9000.0,12103.1
2014-09-08,3136.19,9000.0,12136.19
2014-09-09,3134.83,9000.0,12134.83
2014-09-10,3142.16,9000.0,12142.16
2014-09-11,3198.29,9000.0,12198.29
2014-09-12,3242.12,9000.0,12242.12
2014-09-15,3286.68,9000.0,12286.68
2014-09-16,3205.36,9000.0,12205.36
2014-09-17,3191.6,9000.0,12191.6
2014-09-18,3257.8,9000.0,12257.8
2014-09-19,3320.25,9000.0,12320.25
2014-09-22,3324.87,9000.0,12324.87
2014-09-23,3278.98,9000.0,12278.98
2014-09-24,3266.5,9000.0,12266.5
2014-09-25,3203.7,9000.0,12203.7
2014-09-26,3198.93,9000.0,12198.93
2014-09-29,3241.14,9000.0,12241.14
2014-09-30,3283.74,9000.0,12283.74
2014-10-01,4299.52,8000.0,12299.52
2014-10-07,4268.28,8000.0,12268.28
2014-10-08,4232.5,8000.0,12232.5
2014-10-09,4276.62,8000.0,12276.62
2014-10-10,4202.32,8000.0,12202.32
2014-10-13,4217.65,8000.0,12217.65
2014-10-14,4196.81,8000.0,12196.81
2014-10-16,4124.99,8000.0,12124.99
2014-10-17,4116.71,8000.0,12116.71
2014-10-20,4118.55,8000.0,12118.55
2014-10-21,4180.81,8000.0,12180.81
2014-10-22,4240.18,8000.0,12240.18
2014-10-23,4240.18,8000.0,12240.18
2014-10-27,4236.8,8000.0,12236.8
2014-10-28,4189.84,8000.0,12189.84
2014-10-29,4218.27,8000.0,12218.27
2014-10-30,4255.39,8000.0,12255.39
2014-10-31,4260.77,8000.0,12260.77
2014-11-03,5329.03,7000.0,12329.03
2014-11-05,5320.07,7000.0,12320.07
2014-11-07,5420.64,7000.0,12420.64
2014-11-10,5408.2,7000.0,12408.2
2014-11-11,5449.26,7000.0,12449.26
2014-11-12,5533.69,7000.0,12533.69
2014-11-13,5568.03,7000.0,12568.03
2014-11-14,5396.74,7000.0,12396.74
2014-11-17,5382.89,7000.0,12382.89
2014-11-18,5421.49,7000.0,12421.49
2014-11-19,5513.37,7000.0,12513.37
2014-11-20,5525.29,7000.0,12525.29
2014-11-21,5521.07,7000.0,12521.07
2014-11-24,5523.93,7000.0,12523.93
2014-11-25,5454.58,7000.0,12454.58
2014-11-26,5454.96,7000.0,12454.96
2014-11-27,5527.79,7000.0,12527.79
2014-11-28,5541.64,7000.0,12541.64
2014-12-01,6586.65,6000.0,12586.65
2014-12-02,6582.53,6000.0,12582.53
2014-12-03,6619.94,6000.0,12619.94
2014-12-04,6692.03,6000.0,12692.03
2014-12-05,6684.25,6000.0,12684.25
2014-12-08,6582.7,6000.0,12582.7
2014-12-09,6542.86,6000.0,12542.86
2014-12-10,6608.11,6000.0,12608.11
2014-12-11,6602.87,6000.0,12602.87
2014-12-12,6619.71,6000.0,12619.71
2014-12-15,6611.6,6000.0,12611.6
2014-12-16,6439.28,6000.0,12439.28
2014-12-17,6284.09,6000.0,12284.09
2014-12-18,6384.27,6000.0,12384.27
2014-12-19,6334.44,6000.0,12334.44
2014-12-22,6400.9,6000.0,12400.9
2014-12-23,6403.8,6000.0,12403.8
2014-12-24,6407.89,6000.0,12407.89
2014-12-26,6521.12,6000.0,12521.12
2014-12-29,6555.51,6000.0,12555.51
2014-12-30,6599.65,6000.0,12599.65
2014-12-31,6645.83,6000.0,12645.83
2015-01-01,7660.11,5000.0,12660.11
2015-01-02,7693.59,5000.0,12693.59
2015-01-05,7704.4,5000.0,12704.4
2015-01-06,7517.41,5000.0,12517.41
2015-01-07,7511.51,5000.0,12511.51
2015-01-08,7560.38,5000.0,12560.38
2015-01-09,7626.66,5000.0,12626.66
2015-01-12,7685.42,5000.0,12685.42
2015-01-13,7759.65,5000.0,12759.65
2015-01-14,7842.7,5000.0,12842.7
2015-01-15,7857.19,5000.0,12857.19
2015-01-16,7825.34,5000.0,12825.34
2015-01-19,7884.31,5000.0,12884.31
2015-01-20,7932.25,5000.0,12932.25
2015-01-21,7958.88,5000.0,12958.88
2015-01-22,8013.81,5000.0,13013.81
2015-01-23,7933.46,5000.0,12933.46
2015-01-27,7905.94,5000.0,12905.94
2015-01-28,8099.27,5000.0,13099.27
2015-01-29,7976.47,5000.0,12976.47
2015-01-30,7927.0,5000.0,12927.0
2015-02-02,8937.3,4000.0,12937.3
2015-02-03,8948.76,4000.0,12948.76
2015-02-04,8958.74,4000.0,12958.74
2015-02-05,8931.14,4000.0,12931.14
2015-02-06,8920.15,4000.0,12920.15
2015-02-09,8904.76,4000.0,12904.76
2015-02-10,8937.43,4000.0,12937.43
2015-02-11,9032.78,4000.0,13032.78
2015-02-12,9121.07,4000.0,13121.07
2015-02-13,9342.07,4000.0,13342.07
2015-02-16,9448.03,4000.0,13448.03
2015-02-18,9565.43,4000.0,13565.43
2015-02-19,9450.18,4000.0,13450.18
2015-02-20,9389.64,4000.0,13389.64
2015-02-23,9343.73,4000.0,13343.73
2015-02-24,9366.56,4000.0,13366.56
2015-02-25,9320.56,4000.0,13320.56
2015-02-26,9217.12,4000.0,13217.12
2015-02-27,9292.8,4000.0,13292.8
2015-03-02,10517.18,3000.0,13517.18
2015-03-03,10714.21,3000.0,13714.21
2015-03-04,10584.41,3000.0,13584.41
2015-03-05,10631.2,3000.0,13631.2
2015-03-09,10461.37,3000.0,13461.37
2015-03-10,10390.83,3000.0,13390.83
2015-03-11,10439.66,3000.0,13439.66
2015-03-12,10719.77,3000.0,13719.77
2015-03-13,10521.47,3000.0,13521.47
2015-03-16,10427.25,3000.0,13427.25
2015-03-17,10441.65,3000.0,13441.65
2015-03-18,10471.97,3000.0,13471.97
2015-03-19,10495.98,3000.0,13495.98
2015-03-20,10297.57,3000.0,13297.57
2015-03-23,10294.91,3000.0,13294.91
2015-03-24,10267.27,3000.0,13267.27
2015-03-25,10316.72,3000.0,13316.72
2015-03-26,10315.42,3000.0,13315.42
2015-03-27,10284.77,3000.0,13284.77
2015-03-30,10470.27,3000.0,13470.27
2015-03-31,10583.66,3000.0,13583.66
2015-04-01,11723.71,2000.0,13723.71
2015-04-06,11970.87,2000.0,13970.87
2015-04-07,12082.39,2000.0,14082.39
2015-04-08,12466.99,2000.0,14466.99
2015-04-09,12533.7,2000.0,14533.7
2015-04-10,12532.03,2000.0,14532.03
2015-04-13,12495.48,2000.0,14495.48
2015-04-15,12613.07,2000.0,14613.07
2015-04-16,12600.54,2000.0,14600.54
2015-04-17,12554.01,2000.0,14554.01
2015-04-20,12418.08,2000.0,14418.08
2015-04-21,12319.72,2000.0,14319.72
2015-04-22,12294.79,2000.0,14294.79
2015-04-23,12411.67,2000.0,14411.67
2015-04-24,12010.61,2000.0,14010.61
2015-04-27,11764.16,2000.0,13764.16
2015-04-28,11746.28,2000.0,13746.28
2015-04-29,11843.2,2000.0,13843.2
2015-04-30,11954.16,2000.0,13954.16
2015-05-04,13055.84,1000.0,14055.84
2015-05-05,13039.88,1000.0,14039.88
2015-05-06,13065.12,1000.0,14065.12
2015-05-07,12895.23,1000.0,13895.23
2015-05-08,12836.15,1000.0,13836.15
2015-05-11,12836.48,1000.0,13836.48
2015-05-12,12723.13,1000.0,13723.13
2015-05-13,12888.55,1000.0,13888.55
2015-05-14,13009.34,1000.0,14009.34
2015-05-15,12923.17,1000.0,13923.17
2015-05-18,12978.31,1000.0,13978.31
2015-05-19,13055.61,1000.0,14055.61
2015-05-20,13067.57,1000.0,14067.57
2015-05-21,13131.04,1000.0,14131.04
2015-05-22,13211.86,1000.0,14211.86
2015-05-25,13095.34,1000.0,14095.34
2015-05-26,13165.08,1000.0,14165.08
2015-05-27,13036.8,1000.0,14036.8
2015-05-28,13017.7,1000.0,14017.7
2015-05-29,13348.34,1000.0,14348.34
2015-06-01,14391.31,0.0,14391.31
2015-06-02,14091.95,0.0,14091.95
2015-06-03,13867.87,0.0,13867.87
2015-06-04,13968.64,0.0,13968.64
2015-06-05,14041.96,0.0,14041.96
2015-06-08,13803.44,0.0,13803.44
2015-06-09,13783.32,0.0,13783.32
2015-06-10,13834.18,0.0,13834.18
2015-06-11,13654.42,0.0,13654.42
2015-06-12,13563.8,0.0,13563.8
2015-06-15,13566.04,0.0,13566.04
2015-06-16,13430.41,0.0,13430.41
2015-06-17,13611.43,0.0,13611.43
2015-06-18,13926.73,0.0,13926.73
2015-06-19,13950.63,0.0,13950.63
2015-06-22,14076.19,0.0,14076.19
2015-06-23,14140.53,0.0,14140.53
2015-06-24,14120.2,0.0,14120.2
2015-06-25,13982.3,0.0,13982.3
2015-06-26,14092.69,0.0,14092.69
2015-06-29,13819.01,0.0,13819.01
2015-06-30,13894.35,0.0,13894.35
2015-07-01,14130.42,0.0,14130.42
2015-07-02,14157.72,0.0,14157.72
2015-07-03,14123.57,0.0,14123.57
2015-07-06,14161.44,0.0,14161.44
2015-07-07,14128.26,0.0,14128.26
2015-07-08,13917.58,0.0,13917.58
2015-07-09,13849.94,0.0,13849.94
2015-07-10,13894.33,0.0,13894.33
2015-07-13,13991.18,0.0,13991.18
2015-07-14,14039.48,0.0,14039.48
2015-07-15,14273.9,0.0,14273.9
2015-07-16,14497.28,0.0,14497.28
2015-07-17,14608.07,0.0,14608.07
2015-07-20,14644.15,0.0,14644.15
2015-07-21,14522.38,0.0,14522.38
2015-07-22,14875.18,0.0,14875.18
2015-07-23,14821.15,0.0,14821.15
2015-07-24,14851.42,0.0,14851.42
2015-07-27,14811.82,0.0,14811.82
2015-07-28,14963.58,0.0,14963.58
2015-07-29,15033.95,0.0,15033.95
2015-07-30,15281.6,0.0,15281.6
2015-07-31,15279.79,0.0,15279.79
2015-08-03,15383.75,0.0,15383.75
2015-08-04,15524.14,0.0,15524.14
2015-08-05,15713.84,0.0,15713.84
2015-08-06,15652.5,0.0,15652.5
2015-08-07,15585.78,0.0,15585.78
2015-08-10,15680.42,0.0,15680.42
2015-08-11,15641.44,0.0,15641.44
2015-08-12,15234.33,0.0,15234.33
2015-08-13,15478.7,0.0,15478.7
2015-08-14,15603.45,0.0,15603.45
2015-08-17,15659.15,0.0,15659.15
2015-08-18,15698.58,0.0,15698.58
2015-08-19,15730.01,0.0,15730.01
2015-08-20,15516.33,0.0,15516.33
2015-08-21,15613.91,0.0,15613.91
2015-08-24,14201.57,0.0,14201.57
2015-08-25,14444.64,0.0,14444.64
2015-08-26,14468.27,0.0,14468.27
2015-08-27,14854.24,0.0,14854.24
2015-08-28,14825.77,0.0,14825.77
2015-08-31,14953.62,0.0,14953.62
2015-09-01,14819.41,0.0,14819.41
2015-09-02,14797.25,0.0,14797.25
2015-09-03,15056.1,0.0,15056.1
2015-09-04,14600.61,0.0,14600.61
2015-09-07,14304.39,0.0,14304.39
2015-09-08,14324.76,0.0,14324.76
2015-09-09,14425.53,0.0,14425.53
2015-09-10,14330.51,0.0,14330.51
2015-09-11,14516.17,0.0,14516.17
2015-09-14,14684.53,0.0,14684.53
2015-09-15,14787.17,0.0,14787.17
2015-09-16,14606.94,0.0,14606.94
2015-09-18,14471.85,0.0,14471.85
2015-09-21,14542.62,0.0,14542.62
2015-09-22,14375.59,0.0,14375.59
2015-09-23,14324.52,0.0,14324.52
2015-09-24,14363.6,0.0,14363.6
2015-09-28,14330.2,0.0,14330.2
2015-09-29,14266.27,0.0,14266.27
2015-09-30,14663.26,0.0,14663.26
2015-10-01,14722.98,0.0,14722.98
2015-10-05,14900.55,0.0,14900.55
2015-10-06,14955.16,0.0,14955.16
2015-10-07,14845.32,0.0,14845.32
2015-10-08,14809.23,0.0,14809.23
2015-10-09,14802.97,0.0,14802.97
2015-10-12,15213.95,0.0,15213.95
2015-10-13,15245.48,0.0,15245.48
2015-10-14,15213.26,0.0,15213.26
2015-10-15,15362.8,0.0,15362.8
2015-10-16,15368.96,0.0,15368.96
2015-10-19,15535.41,0.0,15535.41
2015-10-20,15526.15,0.0,15526.15
2015-10-21,15565.24,0.0,15565.24
2015-10-23,15494.06,0.0,15494.06
2015-10-26,15411.38,0.0,15411.38
2015-10-27,15431.13,0.0,15431.13
2015-10-28,15523.83,0.0,15523.83
2015-10-29,15494.53,0.0,15494.53
2015-10-30,15367.81,0.0,15367.81
2015-11-02,15382.06,0.0,15382.06
2015-11-03,15503.13,0.0,15503.13
2015-11-04,15401.42,0.0,15401.42
2015-11-05,15179.02,0.0,15179.02
2015-11-06,15058.28,0.0,15058.28
2015-11-09,14994.96,0.0,14994.96
2015-11-10,14938.06,0.0,14938.06
2015-11-11,14938.06,0.0,14938.06
2015-11-13,14829.38,0.0,14829.38
2015-11-16,14789.32,0.0,14789.32
2015-11-17,14940.73,0.0,14940.73
2015-11-18,14919.71,0.0,14919.71
2015-11-19,15095.71,0.0,15095.71
2015-11-20,15143.23,0.0,15143.23
2015-11-23,15208.84,0.0,15208.84
2015-11-24,15284.47,0.0,15284.47
2015-11-26,15228.63,0.0,15228.63
2015-11-27,15186.83,0.0,15186.83
2015-11-30,15198.72,0.0,15198.72
2015-12-01,15117.81,0.0,15117.81
2015-12-02,15123.23,0.0,15123.23
2015-12-03,14989.18,0.0,14989.18
2015-12-04,14943.86,0.0,14943.86
2015-12-07,14853.54,0.0,14853.54
2015-12-08,14691.02,0.0,14691.02
2015-12-09,14534.8,0.0,14534.8
2015-12-10,14649.86,0.0,14649.86
2015-12-11,14649.69,0.0,14649.69
2015-12-14,14733.85,0.0,14733.85
2015-12-15,14937.49,0.0,14937.49
2015-12-16,15052.67,0.0,15052.67
2015-12-17,15294.05,0.0,15294.05
2015-12-18,15289.72,0.0,15289.72
2015-12-21,15292.28,0.0,15292.28
2015-12-22,15299.9,0.0,15299.9
2015-12-23,15457.68,0.0,15457.68
2015-12-24,15497.3,0.0,15497.3
2015-12-28,15777.21,0.0,15777.21
2015-12-29,15728.71,0.0,15728.71
2015-12-30,15627.19,0.0,15627.19
2015-12-31,15691.0,0.0,15691.0
2016-01-01,15742.75,0.0,15742.75
2016-01-04,15525.15,0.0,15525.15
2016-01-05,15569.66,0.0,15569.66
2016-01-06,15623.0,0.0,15623.0
2016-01-07,15348.2,0.0,15348.2
2016-01-08,15618.96,0.0,15618.96
2016-01-11,15622.4,0.0,15622.4
2016-01-12,15522.41,0.0,15522.41
2016-01-13,15216.93,0.0,15216.93
2016-01-14,15077.4,0.0,15077.4
2016-01-15,14770.95,0.0,14770.95
2016-01-18,14267.66,0.0,14267.66
2016-01-19,14360.56,0.0,14360.56
2016-01-20,13938.2,0.0,13938.2
2016-01-21,14163.53,0.0,14163.53
2016-01-22,14478.45,0.0,14478.45
2016-01-25,14648.65,0.0,14648.65
2016-01-27,14606.55,0.0,14606.55
2016-01-28,14434.58,0.0,14434.58
2016-01-29,14571.45,0.0,14571.45
2016-02-01,14551.23,0.0,14551.23
2016-02-02,14325.18,0.0,14325.18
2016-02-03,14387.29,0.0,14387.29
2016-02-04,14291.21,0.0,14291.21
2016-02-05,14407.42,0.0,14407.42
2016-02-08,14604.77,0.0,14604.77
2016-02-09,14464.04,0.0,14464.04
2016-02-10,14369.99,0.0,14369.99
2016-02-11,13767.03,0.0,13767.03
2016-02-12,13498.79,0.0,13498.79
2016-02-15,13820.42,0.0,13820.42
2016-02-16,13540.16,0.0,13540.16
2016-02-17,13616.62,0.0,13616.62
2016-02-18,13627.76,0.0,13627.76
2016-02-19,13541.97,0.0,13541.97
2016-02-22,13627.34,0.0,13627.34
2016-02-23,13533.09,0.0,13533.09
2016-02-24,13326.33,0.0,13326.33
2016-02-25,13135.05,0.0,13135.05
2016-02-26,13306.62,0.0,13306.62
2016-02-29,13330.2,0.0,13330.2
2016-03-01,13740.79,0.0,13740.79
2016-03-02,13937.19,0.0,13937.19
2016-03-03,13928.02,0.0,13928.02
2016-03-04,13980.56,0.0,13980.56
2016-03-08,13976.69,0.0,13976.69
2016-03-09,14051.77,0.0,14051.77
2016-03-10,14006.39,0.0,14006.39
2016-03-11,14018.7,0.0,14018.7
2016-03-14,14064.3,0.0,14064.3
2016-03-15,13971.7,0.0,13971.7
2016-03-16,13896.71,0.0,13896.71
2016-03-17,13944.35,0.0,13944.35
2016-03-18,14008.72,0.0,14008.72
2016-03-21,14125.0,0.0,14125.0
2016-03-22,14277.04,0.0,14277.04
2016-03-23,14344.44,0.0,14344.44
2016-03-28,14223.11,0.0,14223.11
2016-03-29,14333.15,0.0,14333.15
2016-03-30,14558.77,0.0,14558.77
2016-03-31,14693.83,0.0,14693.83
2016-04-01,14742.32,0.0,14742.32
2016-04-04,14834.34,0.0,14834.34
2016-04-05,14769.97,0.0,14769.97
2016-04-06,14787.63,0.0,14787.63
2016-04-07,14697.21,0.0,14697.21
2016-04-08,14914.54,0.0,14914.54
2016-04-11,14930.5,0.0,14930.5
2016-04-12,15115.38,0.0,15115.38
2016-04-13,15284.19,0.0,15284.19
2016-04-18,15277.78,0.0,15277.78
2016-04-20,15293.18,0.0,15293.18
2016-04-21,15228.51,0.0,15228.51
2016-04-22,15291.49,0.0,15291.49
2016-04-25,15056.6,0.0,15056.6
2016-04-26,15256.71,0.0,15256.71
2016-04-27,15250.33,0.0,15250.33
2016-04-28,15142.58,0.0,15142.58
2016-04-29,15103.03,0.0,15103.03
2016-05-02,15245.4,0.0,15245.4
2016-05-03,15123.37,0.0,15123.37
2016-05-04,15088.76,0.0,15088.76
2016-05-05,15114.29,0.0,15114.29
2016-05-06,15197.3,0.0,15197.3
2016-05-09,15332.4,0.0,15332.4
2016-05-10,15326.67,0.0,15326.67
2016-05-11,15271.66,0.0,15271.66
2016-05-12,15636.82,0.0,15636.82
2016-05-13,15529.16,0.0,15529.16
2016-05-16,15603.65,0.0,15603.65
2016-05-17,15636.97,0.0,15636.97
2016-05-18,15732.05,0.0,15732.05
2016-05-19,15591.49,0.0,15591.49
2016-05-20,15416.3,0.0,15416.3
2016-05-23,15285.61,0.0,15285.61
2016-05-24,15206.36,0.0,15206.36
2016-05-25,15187.89,0.0,15187.89
2016-05-26,15323.12,0.0,15323.12
2016-05-27,15432.91,0.0,15432.91
2016-05-30,15414.34,0.0,15414.34
2016-05-31,15277.9,0.0,15277.9
2016-06-01,15375.74,0.0,15375.74
2016-06-02,15541.13,0.0,15541.13
2016-06-03,15435.94,0.0,15435.94
2016-06-06,15448.66,0.0,15448.66
2016-06-07,15481.52,0.0,15481.52
2016-06-08,15546.23,0.0,15546.23
2016-06-09,15419.43,0.0,15419.43
2016-06-10,15348.24,0.0,15348.24
2016-06-13,15295.16,0.0,15295.16
2016-06-14,15344.48,0.0,15344.48
2016-06-15,15482.35,0.0,15482.35
2016-06-16,15559.82,0.0,15559.82
2016-06-17,15571.63,0.0,15571.63
2016-06-20,15567.75,0.0,15567.75
2016-06-21,15591.29,0.0,15591.29
2016-06-22,15551.18,0.0,15551.18
2016-06-23,15639.02,0.0,15639.02
2016-06-24,15546.36,0.0,15546.36
2016-06-27,15535.31,0.0,15535.31
2016-06-28,15611.87,0.0,15611.87
2016-06-29,15692.9,0.0,15692.9
2016-06-30,15907.34,0.0,15907.34
2016-07-01,15986.94,0.0,15986.94
2016-07-04,16240.18,0.0,16240.18
2016-07-05,16271.01,0.0,16271.01
2016-07-07,16155.92,0.0,16155.92
2016-07-08,16163.69,0.0,16163.69
2016-07-11,16318.04,0.0,16318.04
2016-07-12,16358.02,0.0,16358.02
2016-07-13,16295.55,0.0,16295.55
2016-07-14,16369.75,0.0,16369.75
2016-07-15,16225.88,0.0,16225.88
2016-07-18,16279.09,0.0,16279.09
2016-07-19,16240.74,0.0,16240.74
2016-07-20,16302.72,0.0,16302.72
2016-07-21,16358.35,0.0,16358.35
2016-07-22,16400.66,0.0,16400.66
2016-07-25,16561.68,0.0,16561.68
2016-07-26,16938.35,0.0,16938.35
2016-07-27,17026.86,0.0,17026.86
2016-07-28,17293.45,0.0,17293.45
2016-07-29,17373.2,0.0,17373.2
2016-08-01,17872.89,0.0,17872.89
2016-08-02,17792.03,0.0,17792.03
2016-08-03,17382.27,0.0,17382.27
2016-08-04,17479.5,0.0,17479.5
2016-08-05,17577.66,0.0,17577.66
2016-08-08,17662.54,0.0,17662.54
2016-08-09,17653.07,0.0,17653.07
2016-08-10,17498.74,0.0,17498.74
2016-08-11,17589.21,0.0,17589.21
2016-08-12,17626.22,0.0,17626.22
2016-08-16,17643.22,0.0,17643.22
2016-08-17,17645.3,0.0,17645.3
2016-08-18,17764.24,0.0,17764.24
2016-08-19,17914.04,0.0,17914.04
2016-08-22,17979.3,0.0,17979.3
2016-08-23,18001.99,0.0,18001.99
2016-08-24,18222.29,0.0,18222.29
2016-08-25,18287.17,0.0,18287.17
2016-08-26,18440.75,0.0,18440.75
2016-08-29,18448.43,0.0,18448.43
2016-08-30,18556.07,0.0,18556.07
2016-08-31,18703.93,0.0,18703.93
2016-09-01,18696.61,0.0,18696.61
2016-09-02,18598.0,0.0,18598.0
2016-09-06,18749.08,0.0,18749.08
2016-09-07,18742.47,0.0,18742.47
2016-09-08,18913.36,0.0,18913.36
2016-09-09,18847.65,0.0,18847.65
2016-09-12,18404.12,0.0,18404.12
2016-09-14,18600.52,0.0,18600.52
2016-09-15,18511.44,0.0,18511.44
2016-09-16,18402.48,0.0,18402.48
2016-09-19,18525.51,0.0,18525.51
2016-09-20,18496.58,0.0,18496.58
2016-09-21,18460.51,0.0,18460.51
2016-09-22,18782.69,0.0,18782.69
2016-09-23,18791.44,0.0,18791.44
2016-09-26,18809.93,0.0,18809.93
2016-09-27,18727.18,0.0,18727.18
2016-09-28,18846.02,0.0,18846.02
2016-09-29,18427.22,0.0,18427.22
2016-09-30,18543.09,0.0,18543.09
2016-10-03,18931.65,0.0,18931.65
2016-10-04,19064.22,0.0,19064.22
2016-10-05,19063.11,0.0,19063.11
2016-10-06,19126.02,0.0,19126.02
2016-10-07,19071.69,0.0,19071.69
2016-10-10,19145.68,0.0,19145.68
2016-10-13,18981.98,0.0,18981.98
2016-10-14,19044.39,0.0,19044.39
2016-10-17,19044.37,0.0,19044.37
2016-10-18,19335.41,0.0,19335.41
2016-10-19,19335.68,0.0,19335.68
2016-10-20,19150.66,0.0,19150.66
2016-10-21,19100.34,0.0,19100.34
2016-10-24,19212.69,0.0,19212.69
2016-10-25,19396.78,0.0,19396.78
2016-10-26,19369.86,0.0,19369.86
2016-10-27,19002.68,0.0,19002.68
2016-10-28,19052.03,0.0,19052.03
2016-11-01,19139.46,0.0,19139.46
2016-11-02,18940.16,0.0,18940.16
2016-11-03,18841.64,0.0,18841.64
2016-11-04,18381.94,0.0,18381.94
2016-11-07,18607.21,0.0,18607.21
2016-11-08,18600.29,0.0,18600.29
2016-11-09,18105.24,0.0,18105.24
2016-11-10,18211.48,0.0,18211.48
2016-11-11,17552.39,0.0,17552.39
2016-11-15,16910.44,0.0,16910.44
2016-11-16,17193.08,0.0,17193.08
2016-11-17,17185.75,0.0,17185.75
2016-11-18,17301.74,0.0,17301.74
2016-11-21,16893.43,0.0,16893.43
2016-11-22,17108.05,0.0,17108.05
2016-11-23,17308.62,0.0,17308.62
2016-11-24,17262.12,0.0,17262.12
2016-11-25,17571.46,0.0,17571.46
2016-11-28,17714.79,0.0,17714.79
2016-11-29,17816.75,0.0,17816.75
2016-11-30,17920.78,0.0,17920.78
2016-12-01,17870.44,0.0,17870.44
2016-12-02,17735.13,0.0,17735.13
2016-12-05,17796.12,0.0,17796.12
2016-12-06,17837.55,0.0,17837.55
2016-12-07,17796.39,0.0,17796.39
2016-12-08,18070.97,0.0,18070.97
2016-12-09,18004.74,0.0,18004.74
2016-12-12,17645.36,0.0,17645.36
2016-12-13,17422.3,0.0,17422.3
2016-12-14,17549.35,0.0,17549.35
2016-12-15,17668.68,0.0,17668.68
2016-12-16,17622.63,0.0,17622.63
2016-12-19,17449.59,0.0,17449.59
2016-12-20,17125.27,0.0,17125.27
2016-12-21,17136.01,0.0,17136.01
2016-12-22,16900.0,0.0,16900.0
2016-12-23,16982.28,0.0,16982.28
2016-12-26,16756.63,0.0,16756.63
2016-12-27,16786.39,0.0,16786.39
2016-12-28,16787.08,0.0,16787.08
2016-12-29,16941.18,0.0,16941.18
2016-12-30,17208.73,0.0,17208.73
2017-01-02,17370.45,0.0,17370.45
2017-01-03,17560.29,0.0,17560.29
2017-01-04,17481.33,0.0,17481.33
2017-01-05,17669.05,0.0,17669.05
2017-01-06,17550.41,0.0,17550.41
2017-01-09,17580.64,0.0,17580.64
2017-01-10,17756.99,0.0,17756.99
2017-01-11,17866.59,0.0,17866.59
2017-01-12,17848.89,0.0,17848.89
2017-01-13,17905.38,0.0,17905.38
2017-01-16,17966.16,0.0,17966.16
2017-01-17,18030.87,0.0,18030.87
2017-01-18,18256.54,0.0,18256.54
2017-01-19,18421.23,0.0,18421.23
2017-01-20,18326.56,0.0,18326.56
2017-01-23,18480.14,0.0,18480.14
2017-01-24,18624.61,0.0,18624.61
2017-01-25,19005.6,0.0,19005.6
2017-01-27,19180.18,0.0,19180.18
2017-01-30,19304.23,0.0,19304.23
2017-01-31,19254.29,0.0,19254.29
2017-02-01,19495.79,0.0,19495.79
2017-02-02,19612.74,0.0,19612.74
2017-02-03,19654.26,0.0,19654.26
2017-02-06,19834.99,0.0,19834.99
2017-02-07,19916.43,0.0,19916.43
2017-02-08,19850.59,0.0,19850.59
2017-02-09,19899.87,0.0,19899.87
2017-02-10,19915.43,0.0,19915.43
2017-02-13,19879.35,0.0,19879.35
2017-02-14,19842.32,0.0,19842.32
2017-02-15,19726.7,0.0,19726.7
2017-02-16,20090.88,0.0,20090.88
2017-02-17,20016.8,0.0,20016.8
2017-02-20,20102.16,0.0,20102.16
2017-02-21,20128.68,0.0,20128.68
2017-02-22,20054.77,0.0,20054.77
2017-02-23,20062.87,0.0,20062.87
2017-02-27,20275.32,0.0,20275.32
2017-02-28,20518.87,0.0,20518.87
2017-03-01,20539.89,0.0,20539.89
2017-03-02,20393.86,0.0,20393.86
2017-03-03,20456.69,0.0,20456.69
2017-03-06,20687.49,0.0,20687.49
2017-03-07,20705.04,0.0,20705.04
2017-03-08,20759.93,0.0,20759.93
2017-03-09,20709.96,0.0,20709.96
2017-03-10,20657.89,0.0,20657.89
2017-03-14,20928.61,0.0,20928.61
2017-03-15,20993.09,0.0,20993.09
2017-03-16,21290.46,0.0,21290.46
2017-03-17,21255.15,0.0,21255.15
2017-03-20,21302.51,0.0,21302.51
2017-03-21,21246.98,0.0,21246.98
2017-03-22,21032.09,0.0,21032.09
2017-03-23,21164.47,0.0,21164.47
2017-03-24,21165.64,0.0,21165.64
2017-03-27,21194.33,0.0,21194.33
2017-03-28,21301.16,0.0,21301.16
2017-03-29,21293.06,0.0,21293.06
2017-03-30,21279.67,0.0,21279.67
2017-03-31,21322.47,0.0,21322.47
2017-04-03,21510.75,0.0,21510.75
2017-04-05,21649.84,0.0,21649.84
2017-04-06,21595.91,0.0,21595.91
2017-04-07,21668.3,0.0,21668.3
2017-04-10,21908.8,0.0,21908.8
2017-04-11,22220.47,0.0,22220.47
2017-04-12,22238.19,0.0,22238.19
2017-04-13,22189.8,0.0,22189.8
2017-04-17,22159.62,0.0,22159.62
2017-04-18,22265.35,0.0,22265.35
2017-04-19,22404.92,0.0,22404.92
2017-04-20,22671.37,0.0,22671.37
2017-04-21,22559.12,0.0,22559.12
2017-04-24,22781.78,0.0,22781.78
2017-04-25,22990.34,0.0,22990.34
2017-04-26,22953.18,0.0,22953.18
2017-04-27,23025.53,0.0,23025.53
2017-04-28,23053.98,0.0,23053.98
2017-05-02,22999.91,0.0,22999.91
2017-05-03,22902.27,0.0,22902.27
2017-05-04,23349.5,0.0,23349.5
2017-05-05,23341.19,0.0,23341.19
2017-05-08,23529.97,0.0,23529.97
2017-05-09,23673.25,0.0,23673.25
2017-05-10,23808.07,0.0,23808.07
2017-05-11,23638.46,0.0,23638.46
2017-05-12,23449.49,0.0,23449.49
2017-05-15,24016.66,0.0,24016.66
2017-05-16,24429.7,0.0,24429.7
2017-05-17,24520.06,0.0,24520.06
2017-05-18,24377.1,0.0,24377.1
2017-05-19,24000.03,0.0,24000.03
2017-05-22,23467.91,0.0,23467.91
2017-05-23,23254.22,0.0,23254.22
2017-05-24,22928.32,0.0,22928.32
2017-05-25,23154.84,0.0,23154.84
2017-05-26,23572.55,0.0,23572.55
2017-05-29,23383.07,0.0,23383.07
2017-05-30,23568.86,0.0,23568.86
2017-05-31,23932.56,0.0,23932.56
2017-06-01,24274.9,0.0,24274.9
2017-06-02,24332.44,0.0,24332.44
2017-06-05,24624.85,0.0,24624.85
2017-06-06,24661.42,0.0,24661.42
2017-06-07,24654.99,0.0,24654.99
2017-06-08,24775.93,0.0,24775.93
2017-06-09,24799.48,0.0,24799.48
2017-06-12,24629.06,0.0,24629.06
2017-06-13,24678.38,0.0,24678.38
2017-06-14,24589.48,0.0,24589.48
2017-06-15,24789.82,0.0,24789.82
2017-06-16,24789.56,0.0,24789.56
2017-06-19,24967.72,0.0,24967.72
2017-06-20,25078.32,0.0,25078.32
2017-06-21,24994.28,0.0,24994.28
2017-06-22,24956.41,0.0,24956.41
2017-06-23,24842.76,0.0,24842.76
2017-06-27,24175.65,0.0,24175.65
2017-06-28,24202.28,0.0,24202.28
2017-06-29,24356.32,0.0,24356.32
2017-06-30,24657.14,0.0,24657.14
2017-07-03,24970.37,0.0,24970.37
2017-07-04,24984.08,0.0,24984.08
2017-07-05,25248.62,0.0,25248.62
2017-07-06,25350.46,0.0,25350.46
2017-07-07,25277.03,0.0,25277.03
2017-07-10,25455.79,0.0,25455.79
2017-07-11,25663.68,0.0,25663.68
2017-07-12,25951.48,0.0,25951.48
2017-07-13,25979.97,0.0,25979.97
2017-07-14,25815.89,0.0,25815.89
2017-07-17,26241.81,0.0,26241.81
2017-07-18,25871.3,0.0,25871.3
2017-07-19,26062.32,0.0,26062.32
2017-07-20,26143.33,0.0,26143.33
2017-07-21,26152.95,0.0,26152.95
2017-07-24,26060.55,0.0,26060.55
2017-07-25,26107.38,0.0,26107.38
2017-07-26,26313.01,0.0,26313.01
2017-07-27,26429.31,0.0,26429.31
2017-07-28,26552.03,0.0,26552.03
2017-07-31,26266.44,0.0,26266.44
2017-08-01,26442.05,0.0,26442.05
2017-08-02,26413.49,0.0,26413.49
2017-08-03,26414.72,0.0,26414.72
2017-08-04,26514.36,0.0,26514.36
2017-08-07,27159.67,0.0,27159.67
2017-08-08,26898.0,0.0,26898.0
2017-08-09,26356.01,0.0,26356.01
2017-08-10,25473.94,0.0,25473.94
2017-08-11,25514.93,0.0,25514.93
2017-08-14,26607.98,0.0,26607.98
2017-08-16,26716.75,0.0,26716.75
2017-08-17,26642.51,0.0,26642.51
2017-08-18,26547.9,0.0,26547.9
2017-08-21,26224.06,0.0,26224.06
2017-08-22,26177.66,0.0,26177.66
2017-08-23,26813.34,0.0,26813.34
2017-08-24,26843.86,0.0,26843.86
2017-08-28,27006.19,0.0,27006.19
2017-08-29,26729.03,0.0,26729.03
2017-08-30,27184.37,0.0,27184.37
2017-08-31,27373.45,0.0,27373.45
2017-09-01,27591.76,0.0,27591.76
2017-09-04,27257.99,0.0,27257.99
2017-09-05,27513.06,0.0,27513.06
2017-09-06,27462.09,0.0,27462.09
2017-09-07,27859.91,0.0,27859.91
2017-09-08,27840.98,0.0,27840.98
2017-09-11,27991.54,0.0,27991.54
2017-09-12,28046.9,0.0,28046.9
2017-09-13,27967.06,0.0,27967.06
2017-09-14,27993.68,0.0,27993.68
2017-09-15,28080.84,0.0,28080.84
2017-09-18,28670.99,0.0,28670.99
2017-09-19,28856.21,0.0,28856.21
2017-09-20,28886.47,0.0,28886.47
2017-09-21,28930.46,0.0,28930.46
2017-09-22,27967.55,0.0,27967.55
2017-09-25,27740.56,0.0,27740.56
2017-09-26,28024.09,0.0,28024.09
2017-09-27,27692.64,0.0,27692.64
2017-09-28,27957.3,0.0,27957.3
2017-09-29,28104.36,0.0,28104.36
2017-10-03,28599.62,0.0,28599.62
2017-10-04,28874.82,0.0,28874.82
2017-10-05,28893.89,0.0,28893.89
2017-10-06,29167.97,0.0,29167.97
2017-10-09,29171.95,0.0,29171.95
2017-10-10,29462.64,0.0,29462.64
2017-10-11,29322.76,0.0,29322.76
2017-10-12,29652.92,0.0,29652.92
2017-10-13,29793.73,0.0,29793.73
2017-10-16,29714.0,0.0,29714.0
2017-10-17,29993.29,0.0,29993.29
2017-10-18,30184.06,0.0,30184.06
2017-10-19,30177.8,0.0,30177.8
2017-10-23,30439.23,0.0,30439.23
2017-10-24,30163.87,0.0,30163.87
2017-10-25,29993.33,0.0,29993.33
2017-10-26,30447.13,0.0,30447.13
2017-10-27,30950.87,0.0,30950.87
2017-10-30,31175.43,0.0,31175.43
2017-10-31,31259.41,0.0,31259.41
2017-11-01,31414.85,0.0,31414.85
2017-11-02,31456.69,0.0,31456.69
2017-11-03,31512.17,0.0,31512.17
2017-11-06,31449.47,0.0,31449.47
2017-11-07,31389.54,0.0,31389.54
2017-11-08,31328.17,0.0,31328.17
2017-11-09,31816.36,0.0,31816.36
2017-11-10,32112.29,0.0,32112.29
2017-11-13,32034.94,0.0,32034.94
2017-11-14,32192.78,0.0,32192.78
2017-11-15,31538.87,0.0,31538.87
2017-11-16,31230.28,0.0,31230.28
2017-11-17,31781.58,0.0,31781.58
2017-11-20,31854.77,0.0,31854.77
2017-11-21,32563.18,0.0,32563.18
2017-11-22,32557.59,0.0,32557.59
2017-11-23,32343.68,0.0,32343.68
2017-11-24,32386.17,0.0,32386.17
2017-11-27,32372.51,0.0,32372.51
2017-11-28,32405.36,0.0,32405.36
2017-11-29,32372.09,0.0,32372.09
2017-11-30,32464.22,0.0,32464.22
2017-12-01,32203.98,0.0,32203.98
2017-12-04,32149.54,0.0,32149.54
2017-12-05,32571.58,0.0,32571.58
2017-12-06,32604.22,0.0,32604.22
2017-12-07,33005.27,0.0,33005.27
2017-12-08,33494.37,0.0,33494.37
2017-12-11,33372.56,0.0,33372.56
2017-12-12,33186.72,0.0,33186.72
2017-12-13,33064.6,0.0,33064.6
2017-12-14,33179.34,0.0,33179.34
2017-12-15,33560.37,0.0,33560.37
2017-12-18,33696.3,0.0,33696.3
2017-12-19,33833.28,0.0,33833.28
2017-12-20,33804.22,0.0,33804.22
2017-12-21,33706.77,0.0,33706.77
2017-12-22,33736.96,0.0,33736.96
2017-12-26,33682.67,0.0,33682.67
2017-12-27,33320.6,0.0,33320.6
2017-12-28,33389.38,0.0,33389.38
2017-12-29,33669.09,0.0,33669.09
2018-01-01,33947.82,0.0,33947.82
2018-01-02,33797.35,0.0,33797.35
2018-01-03,33733.33,0.0,33733.33
2018-01-04,33938.54,0.0,33938.54
2018-01-05,34465.99,0.0,34465.99
2018-01-08,34519.03,0.0,34519.03
2018-01-09,34198.86,0.0,34198.86
2018-01-10,33965.18,0.0,33965.18
2018-01-11,33777.91,0.0,33777.91
2018-01-12,33797.93,0.0,33797.93
2018-01-15,33694.14,0.0,33694.14
2018-01-16,33326.8,0.0,33326.8
2018-01-17,33316.09,0.0,33316.09
2018-01-18,32639.61,0.0,32639.61
2018-01-19,33014.6,0.0,33014.6
2018-01-22,33096.67,0.0,33096.67
2018-01-23,33385.68,0.0,33385.68
2018-01-24,33287.77,0.0,33287.77
2018-01-25,32808.55,0.0,32808.55
2018-01-29,32428.98,0.0,32428.98
2018-01-30,32115.62,0.0,32115.62
2018-01-31,31611.83,0.0,31611.83
2018-02-01,31894.72,0.0,31894.72
2018-02-02,30732.04,0.0,30732.04
2018-02-05,30355.4,0.0,30355.4
2018-02-06,29589.8,0.0,29589.8
2018-02-07,30750.14,0.0,30750.14
2018-02-08,31510.57,0.0,31510.57
2018-02-09,31325.45,0.0,31325.45
2018-02-12,31774.81,0.0,31774.81
2018-02-14,31864.37,0.0,31864.37
2018-02-15,31420.76,0.0,31420.76
2018-02-16,30925.36,0.0,30925.36
2018-02-19,30564.57,0.0,30564.57
2018-02-20,30570.12,0.0,30570.12
2018-02-21,30433.19,0.0,30433.19
2018-02-22,29972.15,0.0,29972.15
2018-02-23,30561.08,0.0,30561.08
2018-02-26,30717.61,0.0,30717.61
2018-02-27,30657.66,0.0,30657.66
2018-02-28,30962.28,0.0,30962.28
2018-03-01,30741.83,0.0,30741.83
2018-03-05,30460.83,0.0,30460.83
2018-03-06,30254.26,0.0,30254.26
2018-03-07,29910.91,0.0,29910.91
2018-03-08,29850.22,0.0,29850.22
2018-03-09,29959.93,0.0,29959.93
2018-03-12,29876.69,0.0,29876.69
2018-03-13,30562.96,0.0,30562.96
2018-03-14,30491.46,0.0,30491.46
2018-03-15,30495.84,0.0,30495.84
2018-03-16,30497.0,0.0,30497.0
2018-03-19,29896.18,0.0,29896.18
2018-03-20,29961.37,0.0,29961.37
2018-03-21,30058.79,0.0,30058.79
2018-03-22,29762.47,0.0,29762.47
2018-03-23,29244.75,0.0,29244.75
2018-03-26,29634.36,0.0,29634.36
2018-03-27,29843.72,0.0,29843.72
2018-03-28,29818.76,0.0,29818.76
2018-04-02,30553.76,0.0,30553.76
2018-04-03,30995.81,0.0,30995.81
2018-04-04,30641.76,0.0,30641.76
2018-04-05,31219.36,0.0,31219.36
2018-04-06,31621.7,0.0,31621.7
2018-04-09,32024.61,0.0,32024.61
2018-04-10,31723.64,0.0,31723.64
2018-04-11,31832.57,0.0,31832.57
2018-04-12,31656.03,0.0,31656.03
2018-04-13,31839.69,0.0,31839.69
2018-04-16,31849.56,0.0,31849.56
2018-04-17,31695.08,0.0,31695.08
2018-04-18,31720.14,0.0,31720.14
2018-04-19,31919.22,0.0,31919.22
2018-04-20,32229.44,0.0,32229.44
2018-04-23,32060.75,0.0,32060.75
2018-04-24,31903.53,0.0,31903.53
2018-04-25,31786.59,0.0,31786.59
2018-04-26,31957.39,0.0,31957.39
2018-04-27,31763.3,0.0,31763.3
2018-04-30,31674.68,0.0,31674.68
2018-05-02,31027.48,0.0,31027.48
2018-05-03,30646.76,0.0,30646.76
2018-05-04,31019.27,0.0,31019.27
2018-05-07,31264.85,0.0,31264.85
2018-05-08,31223.36,0.0,31223.36
2018-05-09,30943.54,0.0,30943.54
2018-05-10,30493.01,0.0,30493.01
2018-05-11,30569.16,0.0,30569.16
2018-05-14,30114.47,0.0,30114.47
2018-05-15,30054.57,0.0,30054.57
2018-05-16,30081.96,0.0,30081.96
2018-05-17,30374.61,0.0,30374.61
2018-05-18,30137.4,0.0,30137.4
2018-05-21,29427.53,0.0,29427.53
2018-05-22,29805.85,0.0,29805.85
2018-05-23,29423.38,0.0,29423.38
2018-05-24,29328.26,0.0,29328.26
2018-05-25,29365.26,0.0,29365.26
2018-05-28,29339.42,0.0,29339.42
2018-05-29,29185.08,0.0,29185.08
2018-05-30,28969.65,0.0,28969.65
2018-05-31,28693.19,0.0,28693.19
2018-06-01,28175.07,0.0,28175.07
2018-06-04,27713.25,0.0,27713.25
2018-06-05,27000.97,0.0,27000.97
2018-06-06,27837.16,0.0,27837.16
2018-06-07,28557.66,0.0,28557.66
2018-06-08,28825.56,0.0,28825.56
2018-06-11,29394.29,0.0,29394.29
2018-06-12,29362.01,0.0,29362.01
2018-06-13,29272.26,0.0,29272.26
2018-06-14,29313.52,0.0,29313.52
2018-06-15,29223.44,0.0,29223.44
2018-06-18,29103.56,0.0,29103.56
2018-06-19,28589.53,0.0,28589.53
2018-06-20,28424.1,0.0,28424.1
2018-06-21,28125.19,0.0,28125.19
2018-06-22,28182.21,0.0,28182.21
2018-06-25,28214.35,0.0,28214.35
2018-06-26,28570.65,0.0,28570.65
2018-06-27,28259.87,0.0,28259.87
2018-06-28,27303.82,0.0,27303.82
2018-06-29,27667.28,0.0,27667.28
2018-07-02,27530.22,0.0,27530.22
2018-07-03,27572.89,0.0,27572.89
2018-07-04,27966.13,0.0,27966.13
2018-07-05,27856.47,0.0,27856.47
2018-07-06,28089.72,0.0,28089.72
2018-07-09,28239.76,0.0,28239.76
2018-07-10,28404.24,0.0,28404.24
2018-07-11,28261.69,0.0,28261.69
2018-07-12,28245.26,0.0,28245.26
2018-07-13,27964.06,0.0,27964.06
2018-07-16,27590.14,0.0,27590.14
2018-07-17,27586.25,0.0,27586.25
2018-07-18,27373.03,0.0,27373.03
2018-07-19,27491.93,0.0,27491.93
2018-07-20,28216.01,0.0,28216.01
2018-07-23,28351.49,0.0,28351.49
2018-07-24,28599.53,0.0,28599.53
2018-07-25,28572.9,0.0,28572.9
2018-07-26,28524.11,0.0,28524.11
2018-07-27,28570.15,0.0,28570.15
2018-07-30,28921.51,0.0,28921.51
2018-07-31,29315.97,0.0,29315.97
2018-08-01,29365.53,0.0,29365.53
2018-08-02,29442.19,0.0,29442.19
2018-08-03,29811.02,0.0,29811.02
2018-08-06,30333.37,0.0,30333.37
2018-08-07,30052.55,0.0,30052.55
2018-08-08,30071.33,0.0,30071.33
2018-08-09,30323.42,0.0,30323.42
2018-08-10,30366.79,0.0,30366.79
2018-08-13,30347.91,0.0,30347.91
2018-08-14,30989.35,0.0,30989.35
2018-08-16,31124.51,0.0,31124.51
2018-08-17,31134.35,0.0,31134.35
2018-08-20,31197.34,0.0,31197.34
2018-08-21,31150.39,0.0,31150.39
2018-08-23,31093.88,0.0,31093.88
2018-08-24,31070.85,0.0,31070.85
2018-08-27,31410.28,0.0,31410.28
2018-08-28,31774.42,0.0,31774.42
2018-08-29,32055.16,0.0,32055.16
2018-08-30,31792.89,0.0,31792.89
2018-08-31,31489.59,0.0,31489.59
2018-09-03,30719.69,0.0,30719.69
2018-09-04,30315.98,0.0,30315.98
2018-09-05,30133.37,0.0,30133.37
2018-09-06,30225.12,0.0,30225.12
2018-09-07,30341.41,0.0,30341.41
2018-09-10,29799.45,0.0,29799.45
2018-09-11,29511.34,0.0,29511.34
2018-09-12,29526.12,0.0,29526.12
2018-09-14,30032.4,0.0,30032.4
2018-09-17,30138.44,0.0,30138.44
2018-09-18,29778.61,0.0,29778.61
2018-09-19,29628.11,0.0,29628.11
2018-09-21,28880.35,0.0,28880.35
2018-09-24,28374.59,0.0,28374.59
2018-09-25,28384.99,0.0,28384.99
2018-09-26,28262.67,0.0,28262.67
2018-09-27,27584.46,0.0,27584.46
2018-09-28,27093.9,0.0,27093.9
2018-10-01,27326.46,0.0,27326.46
2018-10-03,27174.84,0.0,27174.84
2018-10-04,26486.6,0.0,26486.6
2018-10-05,25823.95,0.0,25823.95
2018-10-08,25697.03,0.0,25697.03
2018-10-09,25757.27,0.0,25757.27
2018-10-10,26713.59,0.0,26713.59
2018-10-11,26146.3,0.0,26146.3
2018-10-12,26756.05,0.0,26756.05
2018-10-15,27113.92,0.0,27113.92
2018-10-16,27353.11,0.0,27353.11
2018-10-17,26791.62,0.0,26791.62
2018-10-19,26374.81,0.0,26374.81
2018-10-22,25927.6,0.0,25927.6
2018-10-23,25536.35,0.0,25536.35
2018-10-24,26162.76,0.0,26162.76
2018-10-25,26214.45,0.0,26214.45
2018-10-26,26271.19,0.0,26271.19
2018-10-29,26867.72,0.0,26867.72
2018-10-30,27154.25,0.0,27154.25
2018-10-31,28184.62,0.0,28184.62
2018-11-01,28511.9,0.0,28511.9
2018-11-02,28427.05,0.0,28427.05
2018-11-05,28230.4,0.0,28230.4
2018-11-06,27960.45,0.0,27960.45
2018-11-07,28122.94,0.0,28122.94
2018-11-09,28149.72,0.0,28149.72
2018-11-12,27878.64,0.0,27878.64
2018-11-13,27891.29,0.0,27891.29
2018-11-14,27821.96,0.0,27821.96
2018-11-15,27965.03,0.0,27965.03
2018-11-16,28094.76,0.0,28094.76
2018-11-19,28064.92,0.0,28064.92
2018-11-20,27865.39,0.0,27865.39
2018-11-21,27729.22,0.0,27729.22
2018-11-22,27609.15,0.0,27609.15
2018-11-26,27730.17,0.0,27730.17
2018-11-27,27941.16,0.0,27941.16
2018-11-28,27881.62,0.0,27881.62
2018-11-29,28012.49,0.0,28012.49
2018-11-30,28094.48,0.0,28094.48
2018-12-03,28120.25,0.0,28120.25
2018-12-04,28385.86,0.0,28385.86
2018-12-05,28316.3,0.0,28316.3
2018-12-06,27873.61,0.0,27873.61
2018-12-07,28029.36,0.0,28029.36
2018-12-10,27388.95,0.0,27388.95
2018-12-11,27661.85,0.0,27661.85
2018-12-12,28225.92,0.0,28225.92
2018-12-13,28282.98,0.0,28282.98
2018-12-14,28324.06,0.0,28324.06
2018-12-17,28359.77,0.0,28359.77
2018-12-18,28456.45,0.0,28456.45
2018-12-19,28643.76,0.0,28643.76
2018-12-20,28479.07,0.0,28479.07
2018-12-21,28100.12,0.0,28100.12
2018-12-24,28018.61,0.0,28018.61
2018-12-26,27871.12,0.0,27871.12
2018-12-27,28141.56,0.0,28141.56
2018-12-28,28284.1,0.0,28284.1
2018-12-31,28402.31,0.0,28402.31
2019-01-01,28472.35,0.0,28472.35
2019-01-02,28268.42,0.0,28268.42
2019-01-03,27938.82,0.0,27938.82
2019-01-04,27831.57,0.0,27831.57
2019-01-07,27849.41,0.0,27849.41
2019-01-08,27904.27,0.0,27904.27
2019-01-09,27828.66,0.0,27828.66
2019-01-10,27893.67,0.0,27893.67
2019-01-11,27885.86,0.0,27885.86
2019-01-14,27717.4,0.0,27717.4
2019-01-15,28204.58,0.0,28204.58
2019-01-16,28064.12,0.0,28064.12
2019-01-17,28064.34,0.0,28064.34
2019-01-18,28127.5,0.0,28127.5
2019-01-21,28302.76,0.0,28302.76
2019-01-22,28294.19,0.0,28294.19
2019-01-23,28269.94,0.0,28269.94
2019-01-24,28387.71,0.0,28387.71
2019-01-25,28269.25,0.0,28269.25
2019-01-28,28025.12,0.0,28025.12
2019-01-29,28052.93,0.0,28052.93
2019-01-30,28396.12,0.0,28396.12
2019-01-31,28718.1,0.0,28718.1
2019-02-01,29103.75,0.0,29103.75
2019-02-04,29220.77,0.0,29220.77
2019-02-05,29140.83,0.0,29140.83
2019-02-06,29473.01,0.0,29473.01
2019-02-07,29529.35,0.0,29529.35
2019-02-08,29316.61,0.0,29316.61
2019-02-11,29151.17,0.0,29151.17
2019-02-12,28831.98,0.0,28831.98
2019-02-13,28831.98,0.0,28831.98
2019-02-14,28435.7,0.0,28435.7
2019-02-15,28251.04,0.0,28251.04
2019-02-18,27942.85,0.0,27942.85
2019-02-19,27793.6,0.0,27793.6
2019-02-20,28099.13,0.0,28099.13
2019-02-21,28405.09,0.0,28405.09
2019-02-22,28524.45,0.0,28524.45
2019-02-25,28880.56,0.0,28880.56
2019-02-26,28877.63,0.0,28877.63
2019-02-27,28814.56,0.0,28814.56
2019-02-28,28750.44,0.0,28750.44
2019-03-01,28940.15,0.0,28940.15
2019-03-05,29099.63,0.0,29099.63
2019-03-06,29585.96,0.0,29585.96
2019-03-07,29546.99,0.0,29546.99
2019-03-08,29567.43,0.0,29567.43
2019-03-11,29701.47,0.0,29701.47
2019-03-12,29605.63,0.0,29605.63
2019-03-13,29443.64,0.0,29443.64
2019-03-14,29223.9,0.0,29223.9
2019-03-15,29504.7,0.0,29504.7
2019-03-18,29541.97,0.0,29541.97
2019-03-19,29728.54,0.0,29728.54
2019-03-20,29656.51,0.0,29656.51
2019-03-22,29528.26,0.0,29528.26
2019-03-25,29394.0,0.0,29394.0
2019-03-26,29720.98,0.0,29720.98
2019-03-27,29991.02,0.0,29991.02
2019-03-28,30151.09,0.0,30151.09
2019-03-29,30151.09,0.0,30151.09
2019-04-01,30505.92,0.0,30505.92
2019-04-02,30925.02,0.0,30925.02
2019-04-03,30779.61,0.0,30779.61
2019-04-04,30536.76,0.0,30536.76
2019-04-05,30894.62,0.0,30894.62
2019-04-08,30838.45,0.0,30838.45
2019-04-09,30731.33,0.0,30731.33
2019-04-10,30572.91,0.0,30572.91
2019-04-11,30511.75,0.0,30511.75
2019-04-12,30445.98,0.0,30445.98
2019-04-15,30831.8,0.0,30831.8
2019-04-16,31006.82,0.0,31006.82
2019-04-18,30937.11,0.0,30937.11
2019-04-22,30761.85,0.0,30761.85
2019-04-23,30853.7,0.0,30853.7
2019-04-24,31170.04,0.0,31170.04
2019-04-25,31191.43,0.0,31191.43
2019-04-26,31409.07,0.0,31409.07
2019-04-30,31554.94,0.0,31554.94
2019-05-02,31431.25,0.0,31431.25
2019-05-03,31035.82,0.0,31035.82
2019-05-06,30883.18,0.0,30883.18
2019-05-07,30851.77,0.0,30851.77
2019-05-08,30417.67,0.0,30417.67
2019-05-09,30583.62,0.0,30583.62
2019-05-10,30358.29,0.0,30358.29
2019-05-13,30137.89,0.0,30137.89
2019-05-14,29716.1,0.0,29716.1
2019-05-15,29903.15,0.0,29903.15
2019-05-16,30084.62,0.0,30084.62
2019-05-17,30371.79,0.0,30371.79
2019-05-20,30896.96,0.0,30896.96
2019-05-21,30894.25,0.0,30894.25
2019-05-22,30797.23,0.0,30797.23
2019-05-23,30538.14,0.0,30538.14
2019-05-24,30961.77,0.0,30961.77
2019-05-27,31289.24,0.0,31289.24
2019-05-28,31477.61,0.0,31477.61
2019-05-29,31430.06,0.0,31430.06
2019-05-30,31796.71,0.0,31796.71
2019-05-31,32089.01,0.0,32089.01
2019-06-03,32165.84,0.0,32165.84
2019-06-04,31959.98,0.0,31959.98
2019-06-06,31507.26,0.0,31507.26
2019-06-07,31746.96,0.0,31746.96
2019-06-10,31879.99,0.0,31879.99
2019-06-11,31964.02,0.0,31964.02
2019-06-12,31732.3,0.0,31732.3
2019-06-13,31711.79,0.0,31711.79
2019-06-14,31764.2,0.0,31764.2
2019-06-17,31418.02,0.0,31418.02
2019-06-18,31646.4,0.0,31646.4
2019-06-19,31602.68,0.0,31602.68
2019-06-20,31764.93,0.0,31764.93
2019-06-21,31801.31,0.0,31801.31
2019-06-24,31888.37,0.0,31888.37
2019-06-25,31904.24,0.0,31904.24
2019-06-26,31899.55,0.0,31899.55
2019-06-27,31788.45,0.0,31788.45
2019-06-28,31800.41,0.0,31800.41
2019-07-01,31881.6,0.0,31881.6
2019-07-02,32125.43,0.0,32125.43
2019-07-03,32034.93,0.0,32034.93
2019-07-04,32160.86,0.0,32160.86
2019-07-05,31576.35,0.0,31576.35
2019-07-08,30998.96,0.0,30998.96
2019-07-09,30979.15,0.0,30979.15
2019-07-10,30461.56,0.0,30461.56
2019-07-11,30391.27,0.0,30391.27
2019-07-12,30479.51,0.0,30479.51
2019-07-15,30763.63,0.0,30763.63
2019-07-16,30745.6,0.0,30745.6
2019-07-17,30954.61,0.0,30954.61
2019-07-18,30817.26,0.0,30817.26
2019-07-19,30286.9,0.0,30286.9
2019-07-22,29938.72,0.0,29938.72
2019-07-23,30034.88,0.0,30034.88
2019-07-24,29574.97,0.0,29574.97
2019-07-25,29528.3,0.0,29528.3
2019-07-26,29792.28,0.0,29792.28
2019-07-29,29867.7,0.0,29867.7
2019-07-30,29753.55,0.0,29753.55
2019-07-31,29998.42,0.0,29998.42
2019-08-01,29704.4,0.0,29704.4
2019-08-02,29891.13,0.0,29891.13
2019-08-05,29864.58,0.0,29864.58
2019-08-06,30259.42,0.0,30259.42
2019-08-07,30404.86,0.0,30404.86
2019-08-08,30766.81,0.0,30766.81
2019-08-09,30970.09,0.0,30970.09
2019-08-13,30052.16,0.0,30052.16
2019-08-14,30321.94,0.0,30321.94
2019-08-16,29915.92,0.0,29915.92
2019-08-19,29948.92,0.0,29948.92
2019-08-20,29934.96,0.0,29934.96
2019-08-21,29672.24,0.0,29672.24
2019-08-22,29477.16,0.0,29477.16
2019-08-23,29819.85,0.0,29819.85
2019-08-26,30413.92,0.0,30413.92
2019-08-27,30476.61,0.0,30476.61
2019-08-28,30602.44,0.0,30602.44
2019-08-29,30539.96,0.0,30539.96
2019-08-30,30778.59,0.0,30778.59
2019-09-03,30617.68,0.0,30617.68
2019-09-04,30674.37,0.0,30674.37
2019-09-05,30933.54,0.0,30933.54
2019-09-06,31106.87,0.0,31106.87
2019-09-09,31347.46,0.0,31347.46
2019-09-11,31130.43,0.0,31130.43
2019-09-12,30851.37,0.0,30851.37
2019-09-13,31104.09,0.0,31104.09
2019-09-16,31093.22,0.0,31093.22
2019-09-17,30737.25,0.0,30737.25
2019-09-18,30960.78,0.0,30960.78
2019-09-19,30539.26,0.0,30539.26
2019-09-20,31552.43,0.0,31552.43
2019-09-23,32311.52,0.0,32311.52
2019-09-24,32316.25,0.0,32316.25
2019-09-25,32180.89,0.0,32180.89
2019-09-26,32418.56,0.0,32418.56
2019-09-27,32409.71,0.0,32409.71
2019-09-30,32522.82,0.0,32522.82
2019-10-01,32014.01,0.0,32014.01
2019-10-03,31858.29,0.0,31858.29
2019-10-04,31818.3,0.0,31818.3
2019-10-07,31585.63,0.0,31585.63
2019-10-09,31931.79,0.0,31931.79
2019-10-10,31888.65,0.0,31888.65
2019-10-11,32128.72,0.0,32128.72
2019-10-14,32119.61,0.0,32119.61
2019-10-15,32029.9,0.0,32029.9
2019-10-16,32270.03,0.0,32270.03
2019-10-17,32405.77,0.0,32405.77
2019-10-18,32851.35,0.0,32851.35
2019-10-22,32051.14,0.0,32051.14
2019-10-23,31963.47,0.0,31963.47
2019-10-24,31917.77,0.0,31917.77
2019-10-25,31858.06,0.0,31858.06
2019-10-29,32324.32,0.0,32324.32
2019-10-30,32479.28,0.0,32479.28
2019-10-31,32787.33,0.0,32787.33
2019-11-01,32903.87,0.0,32903.87
2019-11-04,33024.67,0.0,33024.67
2019-11-05,32975.06,0.0,32975.06
2019-11-06,32831.6,0.0,32831.6
2019-11-07,33054.01,0.0,33054.01
2019-11-08,32837.44,0.0,32837.44
2019-11-11,32890.76,0.0,32890.76
2019-11-13,32664.91,0.0,32664.91
2019-11-14,33081.82,0.0,33081.82
2019-11-15,33021.48,0.0,33021.48
2019-11-18,32865.24,0.0,32865.24
2019-11-19,32863.64,0.0,32863.64
2019-11-20,32973.48,0.0,32973.48
2019-11-21,32793.69,0.0,32793.69
2019-11-22,32360.69,0.0,32360.69
2019-11-25,32492.93,0.0,32492.93
2019-11-26,32198.59,0.0,32198.59
2019-11-27,32409.34,0.0,32409.34
2019-11-28,32523.07,0.0,32523.07
2019-11-29,32326.55,0.0,32326.55
2019-12-02,31905.73,0.0,31905.73
2019-12-03,31851.22,0.0,31851.22
2019-12-04,31937.8,0.0,31937.8
2019-12-05,31929.46,0.0,31929.46
2019-12-06,31752.46,0.0,31752.46
2019-12-09,31729.2,0.0,31729.2
2019-12-10,31561.9,0.0,31561.9
2019-12-11,31799.05,0.0,31799.05
2019-12-12,31676.5,0.0,31676.5
2019-12-13,31885.85,0.0,31885.85
2019-12-16,32004.29,0.0,32004.29
2019-12-17,32483.46,0.0,32483.46
2019-12-18,32476.99,0.0,32476.99
2019-12-19,32476.75,0.0,32476.75
2019-12-20,32533.87,0.0,32533.87
2019-12-23,32641.71,0.0,32641.71
2019-12-24,32535.48,0.0,32535.48
2019-12-26,32589.92,0.0,32589.92
2019-12-27,32864.52,0.0,32864.52
2019-12-30,32899.09,0.0,32899.09
2019-12-31,32715.13,0.0,32715.13
2020-01-01,32766.35,0.0,32766.35
2020-01-02,32797.6,0.0,32797.6
2020-01-03,32752.22,0.0,32752.22
2020-01-06,32103.34,0.0,32103.34
2020-01-07,32170.63,0.0,32170.63
2020-01-08,32222.54,0.0,32222.54
2020-01-09,32610.97,0.0,32610.97
2020-01-10,32603.97,0.0,32603.97
2020-01-13,32779.0,0.0,32779.0
2020-01-14,33043.38,0.0,33043.38
2020-01-15,33375.9,0.0,33375.9
2020-01-16,33713.29,0.0,33713.29
2020-01-17,33980.86,0.0,33980.86
2020-01-20,33745.1,0.0,33745.1
2020-01-21,33854.64,0.0,33854.64
2020-01-22,33852.0,0.0,33852.0
2020-01-23,34092.37,0.0,34092.37
2020-01-24,34191.34,0.0,34191.34
2020-01-27,34235.4,0.0,34235.4
2020-01-28,34501.16,0.0,34501.16
2020-01-29,34946.62,0.0,34946.62
2020-01-30,34659.68,0.0,34659.68
2020-01-31,34327.69,0.0,34327.69
2020-02-03,33988.47,0.0,33988.47
2020-02-04,34614.17,0.0,34614.17
2020-02-05,34709.18,0.0,34709.18
2020-02-06,35225.52,0.0,35225.52
2020-02-07,35098.35,0.0,35098.35
2020-02-10,35159.0,0.0,35159.0
2020-02-11,35030.49,0.0,35030.49
2020-02-12,35116.11,0.0,35116.11
2020-02-13,34910.81,0.0,34910.81
2020-02-14,34818.18,0.0,34818.18
2020-02-17,34391.82,0.0,34391.82
2020-02-18,34423.02,0.0,34423.02
2020-02-19,34719.07,0.0,34719.07
2020-02-20,34598.72,0.0,34598.72
2020-02-24,34092.31,0.0,34092.31
2020-02-25,33999.75,0.0,33999.75
2020-02-26,33713.49,0.0,33713.49
2020-02-27,33471.54,0.0,33471.54
2020-02-28,32082.53,0.0,32082.53
2020-03-02,31632.81,0.0,31632.81
2020-03-03,32298.03,0.0,32298.03
2020-03-04,31854.46,0.0,31854.46
2020-03-05,31908.21,0.0,31908.21
2020-03-06,31474.83,0.0,31474.83
2020-03-09,30219.9,0.0,30219.9
2020-03-11,29981.87,0.0,29981.87
2020-03-12,27576.37,0.0,27576.37
2020-03-13,28401.81,0.0,28401.81
2020-03-16,27022.7,0.0,27022.7
2020-03-17,26304.26,0.0,26304.26
2020-03-18,24419.82,0.0,24419.82
2020-03-19,23299.85,0.0,23299.85
2020-03-20,24642.38,0.0,24642.38
2020-03-23,21406.52,0.0,21406.52
2020-03-24,22226.02,0.0,22226.02
2020-03-25,22826.33,0.0,22826.33
2020-03-26,23961.1,0.0,23961.1
2020-03-27,23644.48,0.0,23644.48
2020-03-30,22970.38,0.0,22970.38
2020-03-31,23961.99,0.0,23961.99
2020-04-01,23583.72,0.0,23583.72
2020-04-03,23628.4,0.0,23628.4
2020-04-07,25149.1,0.0,25149.1
2020-04-08,25305.38,0.0,25305.38
2020-04-09,26454.72,0.0,26454.72
2020-04-13,26119.25,0.0,26119.25
2020-04-15,26045.05,0.0,26045.05
2020-04-16,26344.69,0.0,26344.69
2020-04-17,26568.37,0.0,26568.37
2020-04-20,26743.61,0.0,26743.61
2020-04-21,25758.41,0.0,25758.41
2020-04-22,25780.45,0.0,25780.45
2020-04-23,26262.16,0.0,26262.16
2020-04-24,25665.31,0.0,25665.31
2020-04-27,26320.45,0.0,26320.45
2020-04-28,27048.63,0.0,27048.63
2020-04-29,27409.24,0.0,27409.24
2020-04-30,27845.63,0.0,27845.63
2020-05-04,26796.83,0.0,26796.83
2020-05-05,26623.79,0.0,26623.79
2020-05-06,26609.53,0.0,26609.53
2020-05-07,26542.69,0.0,26542.69
2020-05-08,26439.61,0.0,26439.61
2020-05-11,26704.34,0.0,26704.34
2020-05-12,26610.93,0.0,26610.93
2020-05-13,26836.74,0.0,26836.74
2020-05-14,26496.93,0.0,26496.93
2020-05-15,26584.13,0.0,26584.13
2020-05-18,25877.67,0.0,25877.67
2020-05-19,25957.59,0.0,25957.59
2020-05-20,26394.47,0.0,26394.47
2020-05-21,26565.98,0.0,26565.98
2020-05-22,26561.9,0.0,26561.9
2020-05-25,26561.9,0.0,26561.9
2020-05-26,26527.29,0.0,26527.29
2020-05-27,26667.79,0.0,26667.79
2020-05-28,27033.3,0.0,27033.3
2020-05-29,27347.16,0.0,27347.16
2020-06-01,27939.38,0.0,27939.38
2020-06-02,28283.17,0.0,28283.17
2020-06-03,28572.86,0.0,28572.86
2020-06-04,28686.63,0.0,28686.63
2020-06-05,28790.96,0.0,28790.96
2020-06-08,29158.98,0.0,29158.98
2020-06-09,28625.96,0.0,28625.96
2020-06-10,28671.57,0.0,28671.57
2020-06-11,28302.04,0.0,28302.04
2020-06-12,28534.29,0.0,28534.29
2020-06-15,28109.81,0.0,28109.81
2020-06-16,28241.53,0.0,28241.53
2020-06-17,28407.13,0.0,28407.13
2020-06-18,28392.23,0.0,28392.23
2020-06-19,28768.64,0.0,28768.64
2020-06-22,29178.28,0.0,29178.28
2020-06-23,29659.81,0.0,29659.81
2020-06-24,29099.09,0.0,29099.09
2020-06-25,29133.32,0.0,29133.32
2020-06-26,29379.13,0.0,29379.13
2020-06-29,29297.93,0.0,29297.93
2020-06-30,28994.83,0.0,28994.83
2020-07-01,29133.37,0.0,29133.37
2020-07-02,29387.24,0.0,29387.24
2020-07-03,29471.9,0.0,29471.9
2020-07-06,29736.85,0.0,29736.85
2020-07-07,29788.92,0.0,29788.92
2020-07-08,29572.85,0.0,29572.85
2020-07-09,29831.92,0.0,29831.92
2020-07-10,29848.42,0.0,29848.42
2020-07-13,29781.58,0.0,29781.58
2020-07-14,29540.88,0.0,29540.88
2020-07-15,29593.58,0.0,29593.58
2020-07-16,30148.29,0.0,30148.29
2020-07-17,30762.39,0.0,30762.39
2020-07-20,31206.79,0.0,31206.79
2020-07-21,31002.03,0.0,31002.03
2020-07-22,30679.87,0.0,30679.87
2020-07-23,30981.19,0.0,30981.19
2020-07-24,30958.66,0.0,30958.66
2020-07-27,30920.64,0.0,30920.64
2020-07-28,31181.69,0.0,31181.69
2020-07-29,31239.45,0.0,31239.45
2020-07-30,31042.4,0.0,31042.4
2020-08-03,31100.77,0.0,31100.77
2020-08-04,31357.24,0.0,31357.24
2020-08-05,31687.0,0.0,31687.0
2020-08-06,31778.09,0.0,31778.09
2020-08-07,32025.02,0.0,32025.02
2020-08-10,32205.88,0.0,32205.88
2020-08-11,32396.37,0.0,32396.37
2020-08-12,32239.34,0.0,32239.34
2020-08-13,32421.16,0.0,32421.16
2020-08-14,32006.34,0.0,32006.34
2020-08-17,32371.75,0.0,32371.75
2020-08-18,32534.36,0.0,32534.36
2020-08-19,32621.2,0.0,32621.2
2020-08-20,32732.94,0.0,32732.94
2020-08-21,33138.45,0.0,33138.45
2020-08-24,33505.45,0.0,33505.45
2020-08-25,33457.61,0.0,33457.61
2020-08-26,33845.32,0.0,33845.32
2020-08-27,33662.44,0.0,33662.44
2020-08-28,33497.95,0.0,33497.95
2020-08-31,32161.03,0.0,32161.03
2020-09-01,32267.02,0.0,32267.02
2020-09-02,32729.19,0.0,32729.19
2020-09-03,33052.16,0.0,33052.16
2020-09-04,32611.74,0.0,32611.74
2020-09-07,32444.84,0.0,32444.84
2020-09-08,32309.83,0.0,32309.83
2020-09-09,31821.25,0.0,31821.25
2020-09-10,32376.73,0.0,32376.73
2020-09-11,32629.16,0.0,32629.16
2020-09-14,33659.63,0.0,33659.63
2020-09-15,33932.04,0.0,33932.04
2020-09-16,33994.67,0.0,33994.67
2020-09-17,33990.97,0.0,33990.97
2020-09-18,34020.24,0.0,34020.24
2020-09-21,33239.9,0.0,33239.9
2020-09-22,32680.63,0.0,32680.63
2020-09-23,32698.79,0.0,32698.79
2020-09-24,31635.04,0.0,31635.04
2020-09-25,32560.24,0.0,32560.24
2020-09-28,33311.37,0.0,33311.37
2020-09-29,33104.5,0.0,33104.5
2020-09-30,32836.87,0.0,32836.87
2020-10-01,33130.86,0.0,33130.86
2020-10-05,33489.27,0.0,33489.27
2020-10-06,33705.24,0.0,33705.24
2020-10-07,33545.04,0.0,33545.04
2020-10-08,33876.11,0.0,33876.11
2020-10-09,33646.47,0.0,33646.47
2020-10-12,33403.86,0.0,33403.86
2020-10-13,33324.16,0.0,33324.16
2020-10-14,33451.56,0.0,33451.56
2020-10-15,32722.78,0.0,32722.78
2020-10-16,32920.73,0.0,32920.73
2020-10-19,32683.45,0.0,32683.45
2020-10-20,32690.82,0.0,32690.82
2020-10-21,32989.02,0.0,32989.02
2020-10-22,33045.05,0.0,33045.05
2020-10-23,32961.3,0.0,32961.3
2020-10-26,32606.79,0.0,32606.79
2020-10-27,32595.94,0.0,32595.94
2020-10-28,32467.36,0.0,32467.36
2020-10-29,32392.13,0.0,32392.13
2020-10-30,32255.37,0.0,32255.37
2020-11-02,31968.94,0.0,31968.94
2020-11-03,32209.42,0.0,32209.42
2020-11-04,32629.6,0.0,32629.6
2020-11-05,33368.66,0.0,33368.66
2020-11-06,33571.91,0.0,33571.91
2020-11-09,33659.54,0.0,33659.54
2020-11-10,33257.61,0.0,33257.61
2020-11-11,33669.19,0.0,33669.19
2020-11-12,33891.4,0.0,33891.4
2020-11-13,33902.03,0.0,33902.03
2020-11-17,34083.17,0.0,34083.17
2020-11-18,34170.23,0.0,34170.23
2020-11-19,33971.22,0.0,33971.22
2020-11-20,34272.18,0.0,34272.18
2020-11-23,35020.81,0.0,35020.81
2020-11-24,35434.02,0.0,35434.02
2020-11-25,34898.25,0.0,34898.25
2020-11-26,35012.76,0.0,35012.76
2020-11-27,36052.46,0.0,36052.46
2020-12-01,36153.44,0.0,36153.44
2020-12-02,36419.04,0.0,36419.04
2020-12-03,36529.89,0.0,36529.89
2020-12-04,36547.3,0.0,36547.3
2020-12-07,36977.15,0.0,36977.15
2020-12-08,36905.32,0.0,36905.32
2020-12-09,36954.24,0.0,36954.24
2020-12-10,36848.12,0.0,36848.12
2020-12-11,37211.46,0.0,37211.46
2020-12-14,37234.34,0.0,37234.34
2020-12-15,37214.08,0.0,37214.08
2020-12-16,37407.97,0.0,37407.97
2020-12-17,37279.9,0.0,37279.9
2020-12-18,37315.53,0.0,37315.53
2020-12-21,35862.19,0.0,35862.19
2020-12-22,36644.19,0.0,36644.19
2020-12-23,37372.28,0.0,37372.28
2020-12-24,37515.9,0.0,37515.9
2020-12-28,37918.27,0.0,37918.27
2020-12-29,38065.37,0.0,38065.37
2020-12-30,38126.07,0.0,38126.07
2020-12-31,37902.8,0.0,37902.8
2021-01-01,38196.97,0.0,38196.97
2021-01-04,39063.24,0.0,39063.24
2021-01-05,40101.62,0.0,40101.62
2021-01-06,40036.86,0.0,40036.86
2021-01-07,39860.86,0.0,39860.86
2021-01-08,40491.74,0.0,40491.74
2021-01-11,40823.82,0.0,40823.82
2021-01-12,40796.49,0.0,40796.49
2021-01-13,40977.86,0.0,40977.86
2021-01-14,41218.87,0.0,41218.87
2021-01-15,40608.53,0.0,40608.53
2021-01-18,40155.33,0.0,40155.33
2021-01-19,40717.04,0.0,40717.04
2021-01-20,40997.83,0.0,40997.83
2021-01-21,40291.42,0.0,40291.42
2021-01-22,39771.94,0.0,39771.94
2021-01-25,39762.77,0.0,39762.77
2021-01-27,39586.57,0.0,39586.57
2021-01-28,39566.76,0.0,39566.76
2021-01-29,39595.82,0.0,39595.82
2021-02-01,40511.32,0.0,40511.32
2021-02-02,40676.07,0.0,40676.07
2021-02-03,41125.58,0.0,41125.58
2021-02-04,41151.87,0.0,41151.87
2021-02-05,40974.75,0.0,40974.75
2021-02-08,41528.58,0.0,41528.58
2021-02-09,41444.3,0.0,41444.3
2021-02-10,41593.03,0.0,41593.03
2021-02-11,41832.93,0.0,41832.93
2021-02-12,41866.23,0.0,41866.23
2021-02-15,41714.04,0.0,41714.04
2021-02-16,41516.9,0.0,41516.9
2021-02-17,41275.17,0.0,41275.17
2021-02-18,41285.22,0.0,41285.22
2021-02-19,40630.47,0.0,40630.47
2021-02-22,40301.56,0.0,40301.56
2021-02-23,40127.56,0.0,40127.56
2021-02-24,40229.36,0.0,40229.36
2021-02-25,40623.29,0.0,40623.29
2021-02-26,40356.02,0.0,40356.02
2021-03-01,40651.41,0.0,40651.41
2021-03-02,41146.96,0.0,41146.96
2021-03-03,41270.79,0.0,41270.79
2021-03-04,41331.31,0.0,41331.31
2021-03-05,41019.93,0.0,41019.93
2021-03-08,41267.73,0.0,41267.73
2021-03-09,41131.29,0.0,41131.29
2021-03-10,41519.84,0.0,41519.84
2021-03-12,41746.4,0.0,41746.4
2021-03-15,41394.12,0.0,41394.12
2021-03-16,41908.16,0.0,41908.16
2021-03-17,41609.48,0.0,41609.48
2021-03-18,41265.27,0.0,41265.27
2021-03-19,42027.88,0.0,42027.88
2021-03-22,42055.56,0.0,42055.56
2021-03-23,42607.1,0.0,42607.1
2021-03-24,42085.97,0.0,42085.97
2021-03-25,41153.33,0.0,41153.33
2021-03-26,41244.28,0.0,41244.28
2021-03-30,42250.17,0.0,42250.17
2021-03-31,42138.02,0.0,42138.02
2021-04-01,42834.57,0.0,42834.57
2021-04-05,42823.42,0.0,42823.42
2021-04-06,43001.92,0.0,43001.92
2021-04-07,43901.98,0.0,43901.98
2021-04-08,44428.48,0.0,44428.48
2021-04-09,45174.62,0.0,45174.62
2021-04-12,43321.69,0.0,43321.69
2021-04-13,43314.6,0.0,43314.6
2021-04-15,43237.98,0.0,43237.98
2021-04-16,43492.5,0.0,43492.5
2021-04-19,43396.8,0.0,43396.8
2021-04-20,43391.58,0.0,43391.58
2021-04-22,43859.14,0.0,43859.14
2021-04-23,44392.92,0.0,44392.92
2021-04-26,45270.53,0.0,45270.53
2021-04-27,47154.86,0.0,47154.86
2021-04-28,46946.18,0.0,46946.18
2021-04-29,47829.28,0.0,47829.28
2021-04-30,48317.5,0.0,48317.5
2021-05-03,48910.64,0.0,48910.64
2021-05-04,48865.43,0.0,48865.43
2021-05-05,48875.12,0.0,48875.12
2021-05-06,49655.9,0.0,49655.9
2021-05-07,49619.18,0.0,49619.18
2021-05-10,50315.38,0.0,50315.38
2021-05-11,51090.4,0.0,51090.4
2021-05-12,51578.83,0.0,51578.83
2021-05-14,51139.94,0.0,51139.94
2021-05-17,51068.09,0.0,51068.09
2021-05-18,51223.9,0.0,51223.9
2021-05-19,51675.12,0.0,51675.12
2021-05-20,51312.48,0.0,51312.48
2021-05-21,51527.44,0.0,51527.44
2021-05-24,51537.04,0.0,51537.04
2021-05-25,51761.14,0.0,51761.14
2021-05-26,51821.11,0.0,51821.11
2021-05-27,53021.06,0.0,53021.06
2021-05-28,52868.74,0.0,52868.74
2021-05-31,52961.89,0.0,52961.89
2021-06-01,52537.22,0.0,52537.22
2021-06-02,52655.71,0.0,52655.71
2021-06-03,52421.98,0.0,52421.98
2021-06-04,52681.1,0.0,52681.1
2021-06-07,52808.84,0.0,52808.84
2021-06-08,53372.91,0.0,53372.91
2021-06-09,52747.17,0.0,52747.17
2021-06-10,53224.79,0.0,53224.79
2021-06-11,53541.08,0.0,53541.08
2021-06-14,53392.62,0.0,53392.62
2021-06-15,53764.48,0.0,53764.48
2021-06-16,53698.33,0.0,53698.33
2021-06-17,53621.1,0.0,53621.1
2021-06-18,53046.52,0.0,53046.52
2021-06-21,53435.61,0.0,53435.61
2021-06-22,53569.59,0.0,53569.59
2021-06-23,53160.25,0.0,53160.25
2021-06-24,53439.96,0.0,53439.96
2021-06-25,53857.69,0.0,53857.69
2021-06-28,54423.12,0.0,54423.12
2021-06-29,54985.55,0.0,54985.55
2021-06-30,56234.41,0.0,56234.41
2021-07-01,56632.31,0.0,56632.31
2021-07-02,57079.1,0.0,57079.1
2021-07-05,57497.23,0.0,57497.23
2021-07-06,57078.15,0.0,57078.15
2021-07-07,56499.24,0.0,56499.24
2021-07-08,56620.49,0.0,56620.49
2021-07-09,56735.13,0.0,56735.13
2021-07-12,56918.43,0.0,56918.43
2021-07-13,56966.58,0.0,56966.58
2021-07-14,57226.64,0.0,57226.64
2021-07-15,57838.77,0.0,57838.77
2021-07-16,57655.83,0.0,57655.83
2021-07-19,57087.39,0.0,57087.39
2021-07-20,56453.89,0.0,56453.89
2021-07-22,57455.4,0.0,57455.4
2021-07-23,58562.32,0.0,58562.32
2021-07-26,60006.28,0.0,60006.28
2021-07-27,59963.78,0.0,59963.78
2021-07-28,59238.16,0.0,59238.16
2021-07-29,58981.19,0.0,58981.19
2021-07-30,58894.69,0.0,58894.69
2021-08-02,59116.41,0.0,59116.41
2021-08-03,59101.07,0.0,59101.07
2021-08-04,58515.03,0.0,58515.03
2021-08-05,58429.13,0.0,58429.13
2021-08-06,58653.72,0.0,58653.72
2021-08-09,58684.84,0.0,58684.84
2021-08-10,57982.51,0.0,57982.51
2021-08-11,57415.65,0.0,57415.65
2021-08-12,58416.41,0.0,58416.41
2021-08-13,58400.7,0.0,58400.7
2021-08-16,58373.4,0.0,58373.4
2021-08-17,59129.35,0.0,59129.35
2021-08-18,58857.66,0.0,58857.66
2021-08-20,57852.78,0.0,57852.78
2021-08-23,57089.88,0.0,57089.88
2021-08-24,57489.07,0.0,57489.07
2021-08-25,57971.86,0.0,57971.86
2021-08-26,57892.02,0.0,57892.02
2021-08-27,58712.3,0.0,58712.3
2021-08-30,59295.58,0.0,59295.58
2021-08-31,59200.68,0.0,59200.68
2021-09-01,59079.56,0.0,59079.56
2021-09-02,59326.89,0.0,59326.89
2021-09-03,59804.4,0.0,59804.4
2021-09-06,60055.3,0.0,60055.3
2021-09-07,59699.28,0.0,59699.28
2021-09-08,59413.11,0.0,59413.11
2021-09-09,60236.44,0.0,60236.44
2021-09-13,60625.44,0.0,60625.44
2021-09-14,61116.56,0.0,61116.56
2021-09-15,61768.99,0.0,61768.99
2021-09-16,61792.84,0.0,61792.84
2021-09-17,61585.6,0.0,61585.6
2021-09-20,60919.03,0.0,60919.03
2021-09-21,61262.89,0.0,61262.89
2021-09-22,61857.81,0.0,61857.81
2021-09-23,62362.32,0.0,62362.32
2021-09-24,62693.79,0.0,62693.79
2021-09-27,61691.04,0.0,61691.04
2021-09-28,60813.19,0.0,60813.19
2021-09-29,60667.93,0.0,60667.93
2021-09-30,60911.46,0.0,60911.46
2021-10-01,60926.15,0.0,60926.15
2021-10-04,61993.94,0.0,61993.94
2021-10-05,62886.66,0.0,62886.66
2021-10-06,63237.26,0.0,63237.26
2021-10-07,63909.09,0.0,63909.09
2021-10-08,64532.69,0.0,64532.69
2021-10-11,64467.57,0.0,64467.57
2021-10-12,64182.16,0.0,64182.16
2021-10-13,64866.15,0.0,64866.15
2021-10-14,65640.48,0.0,65640.48
2021-10-18,65970.46,0.0,65970.46
2021-10-19,65856.72,0.0,65856.72
2021-10-20,64186.46,0.0,64186.46
2021-10-21,61803.22,0.0,61803.22
2021-10-22,60330.58,0.0,60330.58
2021-10-25,59559.64,0.0,59559.64
2021-10-26,61099.07,0.0,61099.07
2021-10-27,61748.35,0.0,61748.35
2021-10-28,61031.83,0.0,61031.83
2021-10-29,60677.16,0.0,60677.16
2021-11-01,61509.16,0.0,61509.16
2021-11-02,61462.92,0.0,61462.92
2021-11-03,62307.93,0.0,62307.93
2021-11-08,63855.25,0.0,63855.25
2021-11-09,64268.13,0.0,64268.13
2021-11-10,64661.83,0.0,64661.83
2021-11-11,64878.29,0.0,64878.29
2021-11-12,65312.11,0.0,65312.11
2021-11-15,65571.47,0.0,65571.47
2021-11-16,66323.45,0.0,66323.45
2021-11-17,66174.74,0.0,66174.74
2021-11-18,65067.94,0.0,65067.94
2021-11-22,64217.23,0.0,64217.23
2021-11-23,64745.68,0.0,64745.68
2021-11-24,65275.6,0.0,65275.6
2021-11-25,66035.24,0.0,66035.24
2021-11-26,65381.51,0.0,65381.51
2021-11-29,64955.59,0.0,64955.59
2021-11-30,67126.97,0.0,67126.97
2021-12-01,67300.05,0.0,67300.05
2021-12-02,68457.85,0.0,68457.85
2021-12-03,69187.88,0.0,69187.88
2021-12-06,68912.19,0.0,68912.19
2021-12-07,70004.35,0.0,70004.35
2021-12-08,71521.39,0.0,71521.39
2021-12-09,72789.86,0.0,72789.86
2021-12-10,73500.3,0.0,73500.3
2021-12-13,74522.44,0.0,74522.44
2021-12-14,76010.83,0.0,76010.83
2021-12-15,76586.5,0.0,76586.5
2021-12-16,78258.42,0.0,78258.42
2021-12-17,79114.13,0.0,79114.13
2021-12-20,78631.56,0.0,78631.56
2021-12-21,80478.89,0.0,80478.89
2021-12-22,82424.84,0.0,82424.84
2021-12-23,84033.23,0.0,84033.23
2021-12-24,85681.79,0.0,85681.79
2021-12-27,87963.19,0.0,87963.19
2021-12-28,90194.24,0.0,90194.24
2021-12-29,92097.54,0.0,92097.54
2021-12-30,94120.6,0.0,94120.6
2021-12-31,97094.7,0.0,97094.7
2022-01-03,100198.1,0.0,100198.1
2022-01-04,103171.08,0.0,103171.08
2022-01-05,104700.1,0.0,104700.1
2022-01-06,106532.29,0.0,106532.29
2022-01-07,108186.44,0.0,108186.44
2022-01-10,110981.97,0.0,110981.97
2022-01-11,113920.86,0.0,113920.86
2022-01-12,111737.47,0.0,111737.47
2022-01-13,109379.19,0.0,109379.19
2022-01-14,106992.78,0.0,106992.78
2022-01-17,105086.9,0.0,105086.9
2022-01-18,101289.81,0.0,101289.81
2022-01-19,99607.22,0.0,99607.22
2022-01-20,97052.15,0.0,97052.15
2022-01-21,93420.36,0.0,93420.36
2022-01-24,88290.56,0.0,88290.56
2022-01-25,87191.8,0.0,87191.8
2022-01-27,84984.84,0.0,84984.84
2022-01-28,84406.21,0.0,84406.21
2022-01-31,83524.44,0.0,83524.44
2022-02-01,82783.73,0.0,82783.73
2022-02-02,84857.24,0.0,84857.24
2022-02-03,85833.57,0.0,85833.57
2022-02-04,87739.78,0.0,87739.78
2022-02-07,85587.72,0.0,85587.72
2022-02-08,82815.84,0.0,82815.84
2022-02-09,81745.42,0.0,81745.42
2022-02-10,80392.98,0.0,80392.98
2022-02-11,78159.48,0.0,78159.48
2022-02-14,75132.71,0.0,75132.71
2022-02-15,75524.15,0.0,75524.15
2022-02-16,74817.85,0.0,74817.85
2022-02-17,73107.67,0.0,73107.67
2022-02-18,71324.26,0.0,71324.26
2022-02-21,69859.95,0.0,69859.95
2022-02-22,68061.2,0.0,68061.2
2022-02-23,68285.08,0.0,68285.08
2022-02-24,64485.39,0.0,64485.39
2022-02-25,65718.35,0.0,65718.35
2022-02-28,66932.93,0.0,66932.93
2022-03-02,67394.56,0.0,67394.56
2022-03-03,68990.55,0.0,68990.55
2022-03-04,69458.62,0.0,69458.62
2022-03-07,69688.6,0.0,69688.6
2022-03-08,71671.83,0.0,71671.83
2022-03-09,73795.19,0.0,73795.19
2022-03-10,74207.77,0.0,74207.77
2022-03-11,75946.69,0.0,75946.69
2022-03-14,77543.82,0.0,77543.82
2022-03-15,77366.94,0.0,77366.94
2022-03-16,79087.75,0.0,79087.75
2022-03-17,78384.19,0.0,78384.19
2022-03-21,77697.55,0.0,77697.55
2022-03-22,79177.37,0.0,79177.37
2022-03-23,80508.29,0.0,80508.29
2022-03-24,81829.67,0.0,81829.67
2022-03-25,82635.47,0.0,82635.47
2022-03-28,83752.73,0.0,83752.73
2022-03-29,85684.89,0.0,85684.89
2022-03-30,87334.87,0.0,87334.87
2022-03-31,89546.07,0.0,89546.07
2022-04-01,92051.85,0.0,92051.85
2022-04-04,95095.57,0.0,95095.57
2022-04-05,97599.79,0.0,97599.79
2022-04-06,99999.97,0.0,99999.97
2022-04-07,97575.83,0.0,97575.83
2022-04-08,96097.23,0.0,96097.23
2022-04-11,94015.64,0.0,94015.64
2022-04-12,90772.66,0.0,90772.66
2022-04-13,92425.17,0.0,92425.17
2022-04-18,91397.43,0.0,91397.43
2022-04-19,88616.95,0.0,88616.95
2022-04-20,88041.58,0.0,88041.58
2022-04-21,90178.78,0.0,90178.78
2022-04-22,90161.58,0.0,90161.58
2022-04-25,87245.32,0.0,87245.32
2022-04-26,89855.59,0.0,89855.59
2022-04-27,91500.08,0.0,91500.08
2022-04-28,90268.57,0.0,90268.57
2022-04-29,88013.17,0.0,88013.17
2022-05-02,85980.31,0.0,85980.31
2022-05-04,83810.9,0.0,83810.9
2022-05-05,85755.63,0.0,85755.63
2022-05-06,81944.77,0.0,81944.77
2022-05-09,79020.73,0.0,79020.73
2022-05-10,76869.24,0.0,76869.24
2022-05-11,75331.88,0.0,75331.88
2022-05-12,74080.61,0.0,74080.61
2022-05-13,73417.83,0.0,73417.83
2022-05-16,74423.42,0.0,74423.42
2022-05-17,76815.26,0.0,76815.26
2022-05-18,78136.42,0.0,78136.42
2022-05-19,76732.95,0.0,76732.95
2022-05-20,78306.27,0.0,78306.27
2022-05-23,76926.15,0.0,76926.15
2022-05-24,75387.19,0.0,75387.19
2022-05-25,72306.53,0.0,72306.53
2022-05-26,73122.2,0.0,73122.2
2022-05-27,74334.04,0.0,74334.04
2022-05-30,76053.17,0.0,76053.17
2022-05-31,75961.81,0.0,75961.81
2022-06-01,75367.69,0.0,75367.69
2022-06-02,76247.48,0.0,76247.48
2022-06-03,77178.15,0.0,77178.15
2022-06-06,75823.98,0.0,75823.98
2022-06-07,75175.15,0.0,75175.15
2022-06-08,74430.82,0.0,74430.82
2022-06-09,75407.88,0.0,75407.88
2022-06-10,76231.3,0.0,76231.3
2022-06-13,73427.61,0.0,73427.61
2022-06-14,72631.84,0.0,72631.84
2022-06-15,73267.69,0.0,73267.69
2022-06-16,70594.98,0.0,70594.98
2022-06-17,69290.82,0.0,69290.82
2022-06-20,66973.13,0.0,66973.13
2022-06-21,65930.35,0.0,65930.35
2022-06-22,66698.17,0.0,66698.17
2022-06-23,68505.4,0.0,68505.4
2022-06-24,70022.54,0.0,70022.54
2022-06-27,72518.74,0.0,72518.74
2022-06-28,71643.31,0.0,71643.31
2022-06-29,72461.59,0.0,72461.59
2022-06-30,73402.25,0.0,73402.25
2022-07-01,74873.84,0.0,74873.84
2022-07-04,76137.95,0.0,76137.95
2022-07-05,76656.57,0.0,76656.57
2022-07-06,77750.16,0.0,77750.16
2022-07-07,77343.5,0.0,77343.5
2022-07-08,76679.56,0.0,76679.56
2022-07-11,76843.07,0.0,76843.07
2022-07-12,76375.08,0.0,76375.08
2022-07-13,75443.82,0.0,75443.82
2022-07-14,74837.85,0.0,74837.85
2022-07-15,75487.41,0.0,75487.41
2022-07-18,76671.26,0.0,76671.26
2022-07-19,78064.14,0.0,78064.14
2022-07-20,78506.57,0.0,78506.57
2022-07-21,78943.23,0.0,78943.23
2022-07-22,78829.01,0.0,78829.01
2022-07-25,78680.79,0.0,78680.79
2022-07-26,77370.1,0.0,77370.1
2022-07-27,77155.12,0.0,77155.12
2022-07-28,76663.73,0.0,76663.73
2022-07-29,78031.96,0.0,78031.96
2022-08-01,80017.35,0.0,80017.35
2022-08-02,79350.54,0.0,79350.54
2022-08-03,78112.1,0.0,78112.1
2022-08-04,77607.0,0.0,77607.0
2022-08-05,77195.02,0.0,77195.02
2022-08-08,77631.83,0.0,77631.83
2022-08-10,76292.06,0.0,76292.06
2022-08-11,75769.84,0.0,75769.84
2022-08-12,75665.65,0.0,75665.65
2022-08-16,76606.4,0.0,76606.4
2022-08-17,76728.84,0.0,76728.84
2022-08-18,76596.93,0.0,76596.93
2022-08-19,76184.17,0.0,76184.17
2022-08-22,74794.59,0.0,74794.59
2022-08-23,77079.16,0.0,77079.16
2022-08-24,76767.65,0.0,76767.65
2022-08-25,76673.71,0.0,76673.71
2022-08-26,76557.0,0.0,76557.0
2022-08-29,75393.59,0.0,75393.59
2022-08-30,76564.45,0.0,76564.45
2022-09-01,76810.69,0.0,76810.69
2022-09-02,81399.92,0.0,81399.92
2022-09-05,80385.58,0.0,80385.58
2022-09-06,81228.46,0.0,81228.46
2022-09-07,81115.68,0.0,81115.68
2022-09-08,81243.09,0.0,81243.09
2022-09-09,81069.63,0.0,81069.63
2022-09-12,81941.36,0.0,81941.36
2022-09-13,81901.56,0.0,81901.56
2022-09-14,81275.86,0.0,81275.86
2022-09-15,81044.41,0.0,81044.41
2022-09-16,79120.35,0.0,79120.35
2022-09-19,78617.29,0.0,78617.29
2022-09-20,79965.39,0.0,79965.39
2022-09-21,78926.81,0.0,78926.81
2022-09-22,79401.47,0.0,79401.47
2022-09-23,77865.93,0.0,77865.93
2022-09-26,75006.27,0.0,75006.27
2022-09-27,74938.66,0.0,74938.66
2022-09-28,74522.49,0.0,74522.49
2022-09-29,74637.13,0.0,74637.13
2022-09-30,75010.54,0.0,75010.54
2022-10-03,74707.34,0.0,74707.34
2022-10-04,75893.31,0.0,75893.31
2022-10-06,77342.58,0.0,77342.58
2022-10-07,78032.55,0.0,78032.55
2022-10-10,76935.27,0.0,76935.27
2022-10-11,76156.24,0.0,76156.24
2022-10-12,76451.85,0.0,76451.85
2022-10-13,76367.37,0.0,76367.37
2022-10-14,75788.1,0.0,75788.1
2022-10-17,75694.08,0.0,75694.08
2022-10-18,76608.11,0.0,76608.11
2022-10-19,77017.05,0.0,77017.05
2022-10-20,76834.95,0.0,76834.95
2022-10-21,75801.51,0.0,75801.51
2022-10-25,75724.12,0.0,75724.12
2022-10-27,75572.24,0.0,75572.24
2022-10-28,74746.11,0.0,74746.11
2022-10-31,74177.48,0.0,74177.48
2022-11-01,75047.99,0.0,75047.99
2022-11-02,74610.37,0.0,74610.37
2022-11-03,74378.36,0.0,74378.36
2022-11-04,74810.34,0.0,74810.34
2022-11-07,74961.87,0.0,74961.87
2022-11-09,74637.96,0.0,74637.96
2022-11-10,74571.13,0.0,74571.13
2022-11-11,74644.69,0.0,74644.69
2022-11-14,74921.52,0.0,74921.52
2022-11-15,74280.05,0.0,74280.05
2022-11-16,74360.69,0.0,74360.69
2022-11-17,74068.01,0.0,74068.01
2022-11-18,74085.28,0.0,74085.28
2022-11-21,73594.15,0.0,73594.15
2022-11-22,73474.36,0.0,73474.36
2022-11-23,73622.98,0.0,73622.98
2022-11-24,74268.46,0.0,74268.46
2022-11-25,74245.37,0.0,74245.37
2022-11-28,74584.42,0.0,74584.42
2022-11-29,74901.01,0.0,74901.01
2022-11-30,75638.2,0.0,75638.2
2022-12-01,75731.17,0.0,75731.17
2022-12-02,76168.17,0.0,76168.17
2022-12-05,77209.8,0.0,77209.8
2022-12-06,76613.27,0.0,76613.27
2022-12-07,75842.8,0.0,75842.8
2022-12-08,75724.73,0.0,75724.73
2022-12-09,74645.65,0.0,74645.65
2022-12-12,74901.46,0.0,74901.46
2022-12-13,74467.97,0.0,74467.97
2022-12-14,74307.63,0.0,74307.63
2022-12-15,73203.0,0.0,73203.0
2022-12-16,72909.28,0.0,72909.28
2022-12-19,72880.63,0.0,72880.63
2022-12-20,73169.18,0.0,73169.18
2022-12-21,71374.93,0.0,71374.93
2022-12-22,69560.73,0.0,69560.73
2022-12-23,66374.78,0.0,66374.78
2022-12-26,70191.14,0.0,70191.14
2022-12-27,71220.07,0.0,71220.07
2022-12-28,71362.01,0.0,71362.01
2022-12-29,72028.34,0.0,72028.34
2022-12-30,72882.18,0.0,72882.18
2023-01-02,73551.46,0.0,73551.46
2023-01-03,73534.62,0.0,73534.62
2023-01-04,72902.83,0.0,72902.83
2023-01-05,72454.97,0.0,72454.97
2023-01-06,72221.54,0.0,72221.54
2023-01-09,73196.46,0.0,73196.46
2023-01-10,72484.37,0.0,72484.37
2023-01-11,72258.89,0.0,72258.89
2023-01-12,71929.94,0.0,71929.94
2023-01-13,72150.9,0.0,72150.9
2023-01-16,72497.31,0.0,72497.31
2023-01-17,72868.89,0.0,72868.89
2023-01-18,72770.18,0.0,72770.18
2023-01-19,72958.21,0.0,72958.21
2023-01-20,72343.33,0.0,72343.33
2023-01-23,72333.34,0.0,72333.34
2023-01-24,71701.68,0.0,71701.68
2023-01-25,71219.57,0.0,71219.57
2023-01-27,70579.73,0.0,70579.73
2023-01-30,69700.68,0.0,69700.68
2023-01-31,72074.62,0.0,72074.62
2023-02-01,70723.26,0.0,70723.26
2023-02-02,71036.46,0.0,71036.46
2023-02-03,69969.29,0.0,69969.29
2023-02-06,70751.09,0.0,70751.09
2023-02-07,70670.96,0.0,70670.96
2023-02-08,72210.68,0.0,72210.68
2023-02-09,71788.14,0.0,71788.14
2023-02-10,72323.03,0.0,72323.03
2023-02-13,70879.83,0.0,70879.83
2023-02-14,70690.21,0.0,70690.21
2023-02-15,70528.63,0.0,70528.63
2023-02-16,71373.81,0.0,71373.81
2023-02-17,71205.71,0.0,71205.71
2023-02-20,70334.97,0.0,70334.97
2023-02-21,70236.23,0.0,70236.23
2023-02-22,69601.24,0.0,69601.24
2023-02-23,69343.16,0.0,69343.16
2023-02-24,68854.22,0.0,68854.22
2023-02-27,67956.2,0.0,67956.2
2023-02-28,68067.7,0.0,68067.7
2023-03-01,69131.03,0.0,69131.03
2023-03-02,68854.07,0.0,68854.07
2023-03-03,69260.59,0.0,69260.59
2023-03-06,69622.16,0.0,69622.16
2023-03-08,69484.31,0.0,69484.31
2023-03-09,68958.14,0.0,68958.14
2023-03-10,68513.85,0.0,68513.85
2023-03-13,66749.19,0.0,66749.19
2023-03-14,65398.35,0.0,65398.35
2023-03-15,65434.05,0.0,65434.05
2023-03-16,65472.18,0.0,65472.18
2023-03-17,65872.29,0.0,65872.29
2023-03-20,65196.42,0.0,65196.42
2023-03-21,65761.84,0.0,65761.84
2023-03-22,65674.69,0.0,65674.69
2023-03-23,65491.24,0.0,65491.24
2023-03-24,64907.97,0.0,64907.97
2023-03-27,63298.31,0.0,63298.31
2023-03-28,63168.39,0.0,63168.39
2023-03-29,65088.46,0.0,65088.46
2023-03-31,67776.44,0.0,67776.44
2023-04-03,68471.18,0.0,68471.18
2023-04-05,70228.81,0.0,70228.81
2023-04-06,69987.87,0.0,69987.87
2023-04-10,70876.96,0.0,70876.96
2023-04-11,70689.82,0.0,70689.82
2023-04-12,71041.17,0.0,71041.17
2023-04-13,70971.29,0.0,70971.29
2023-04-17,70662.78,0.0,70662.78
2023-04-18,70681.32,0.0,70681.32
2023-04-19,70654.58,0.0,70654.58
2023-04-20,70553.49,0.0,70553.49
2023-04-21,70290.81,0.0,70290.81
2023-04-24,70279.2,0.0,70279.2
2023-04-25,71222.96,0.0,71222.96
2023-04-26,71567.51,0.0,71567.51
2023-04-27,71808.59,0.0,71808.59
2023-04-28,73202.8,0.0,73202.8
2023-05-02,74517.61,0.0,74517.61
2023-05-03,74459.78,0.0,74459.78
2023-05-04,75658.49,0.0,75658.49
2023-05-05,75238.9,0.0,75238.9
2023-05-08,75469.59,0.0,75469.59
2023-05-09,74597.86,0.0,74597.86
2023-05-10,75348.29,0.0,75348.29
2023-05-11,76022.89,0.0,76022.89
2023-05-12,75645.15,0.0,75645.15
2023-05-15,76383.45,0.0,76383.45
2023-05-16,76391.89,0.0,76391.89
2023-05-17,76590.52,0.0,76590.52
2023-05-18,78211.59,0.0,78211.59
2023-05-19,77488.57,0.0,77488.57
2023-05-22,79142.62,0.0,79142.62
2023-05-23,78608.39,0.0,78608.39
2023-05-24,79002.44,0.0,79002.44
2023-05-25,79285.37,0.0,79285.37
2023-05-26,79746.79,0.0,79746.79
2023-05-29,79458.63,0.0,79458.63
2023-05-30,79259.31,0.0,79259.31
2023-05-31,79578.24,0.0,79578.24
2023-06-01,79913.5,0.0,79913.5
2023-06-02,80532.95,0.0,80532.95
2023-06-05,81295.81,0.0,81295.81
2023-06-06,82785.99,0.0,82785.99
2023-06-07,83552.13,0.0,83552.13
2023-06-08,82655.04,0.0,82655.04
2023-06-09,83201.71,0.0,83201.71
2023-06-12,82767.81,0.0,82767.81
2023-06-13,83212.55,0.0,83212.55
2023-06-14,83005.21,0.0,83005.21
2023-06-15,82767.24,0.0,82767.24
2023-06-16,83150.05,0.0,83150.05
2023-06-19,82206.89,0.0,82206.89
2023-06-20,82782.94,0.0,82782.94
2023-06-21,82938.93,0.0,82938.93
2023-06-22,82255.81,0.0,82255.81
2023-06-23,80990.03,0.0,80990.03
2023-06-26,81285.45,0.0,81285.45
2023-06-27,82673.25,0.0,82673.25
2023-06-28,83731.63,0.0,83731.63
2023-06-30,83511.1,0.0,83511.1
2023-07-03,83596.82,0.0,83596.82
2023-07-04,84203.76,0.0,84203.76
2023-07-05,83920.98,0.0,83920.98
2023-07-06,84420.54,0.0,84420.54
2023-07-07,83727.56,0.0,83727.56
2023-07-10,83597.23,0.0,83597.23
2023-07-11,85701.3,0.0,85701.3
2023-07-12,85885.99,0.0,85885.99
2023-07-13,85563.51,0.0,85563.51
2023-07-14,87158.71,0.0,87158.71
2023-07-17,87481.13,0.0,87481.13
2023-07-18,87123.14,0.0,87123.14
2023-07-19,87521.51,0.0,87521.51
2023-07-20,87371.2,0.0,87371.2
2023-07-21,87899.29,0.0,87899.29
2023-07-24,88647.66,0.0,88647.66
2023-07-25,88660.76,0.0,88660.76
2023-07-26,88854.18,0.0,88854.18
2023-07-27,88910.87,0.0,88910.87
2023-07-28,88641.53,0.0,88641.53
2023-07-31,89740.97,0.0,89740.97
2023-08-01,91375.13,0.0,91375.13
2023-08-02,89636.58,0.0,89636.58
2023-08-03,89016.81,0.0,89016.81
2023-08-04,89435.81,0.0,89435.81
2023-08-07,89626.0,0.0,89626.0
2023-08-08,90624.11,0.0,90624.11
2023-08-09,91161.26,0.0,91161.26
2023-08-10,90857.46,0.0,90857.46
2023-08-11,90137.2,0.0,90137.2
2023-08-14,91545.37,0.0,91545.37
2023-08-16,92165.14,0.0,92165.14
2023-08-17,92121.46,0.0,92121.46
2023-08-18,91054.98,0.0,91054.98
2023-08-21,92520.83,0.0,92520.83
2023-08-22,95018.45,0.0,95018.45
2023-08-23,95227.36,0.0,95227.36
2023-08-24,95323.78,0.0,95323.78
2023-08-25,94206.46,0.0,94206.46
2023-08-28,94878.08,0.0,94878.08
2023-08-29,96601.03,0.0,96601.03
2023-08-30,98053.72,0.0,98053.72
2023-08-31,97437.36,0.0,97437.36
2023-09-01,98515.36,0.0,98515.36
2023-09-04,100432.88,0.0,100432.88
2023-09-05,99213.11,0.0,99213.11
2023-09-06,100101.91,0.0,100101.91
2023-09-07,100144.77,0.0,100144.77
2023-09-08,100481.09,0.0,100481.09
2023-09-11,100286.96,0.0,100286.96
2023-09-12,94285.93,0.0,94285.93
2023-09-13,95908.27,0.0,95908.27
2023-09-14,97631.6,0.0,97631.6
2023-09-15,98346.8,0.0,98346.8
2023-09-18,97599.7,0.0,97599.7
2023-09-20,96469.8,0.0,96469.8
2023-09-21,95688.12,0.0,95688.12
2023-09-22,95370.64,0.0,95370.64
2023-09-25,95312.55,0.0,95312.55
2023-09-26,95622.97,0.0,95622.97
2023-09-27,95451.5,0.0,95451.5
2023-09-28,94740.5,0.0,94740.5
2023-09-29,95848.14,0.0,95848.14
2023-10-03,96110.47,0.0,96110.47
2023-10-04,94975.92,0.0,94975.92
2023-10-05,96038.52,0.0,96038.52
2023-10-06,96325.0,0.0,96325.0
2023-10-09,94062.89,0.0,94062.89
2023-10-10,95870.68,0.0,95870.68
2023-10-11,95621.83,0.0,95621.83
2023-10-12,96378.33,0.0,96378.33
2023-10-13,96598.68,0.0,96598.68
2023-10-16,97004.0,0.0,97004.0
2023-10-17,98138.73,0.0,98138.73
2023-10-18,98143.72,0.0,98143.72
2023-10-19,98565.57,0.0,98565.57
2023-10-20,97224.15,0.0,97224.15
2023-10-23,92331.76,0.0,92331.76
2023-10-25,90340.36,0.0,90340.36
2023-10-26,90898.87,0.0,90898.87
2023-10-27,92588.34,0.0,92588.34
2023-10-30,91535.08,0.0,91535.08
2023-10-31,92311.66,0.0,92311.66
2023-11-01,92496.85,0.0,92496.85
2023-11-02,92852.49,0.0,92852.49
2023-11-03,94755.01,0.0,94755.01
2023-11-06,95975.1,0.0,95975.1
2023-11-07,96058.84,0.0,96058.84
2023-11-08,96503.68,0.0,96503.68
2023-11-09,97260.64,0.0,97260.64
2023-11-10,97557.96,0.0,97557.96
2023-11-13,99072.18,0.0,99072.18
2023-11-15,101840.19,0.0,101840.19
2023-11-16,102261.99,0.0,102261.99
2023-11-17,102411.42,0.0,102411.42
2023-11-20,101865.73,0.0,101865.73
2023-11-21,102384.53,0.0,102384.53
2023-11-22,101665.61,0.0,101665.61
2023-11-23,100291.14,0.0,100291.14
2023-11-24,100791.15,0.0,100791.15
2023-11-28,100122.33,0.0,100122.33
2023-11-29,100351.26,0.0,100351.26
2023-11-30,101615.45,0.0,101615.45
2023-12-01,102511.16,0.0,102511.16
2023-12-04,103179.51,0.0,103179.51
2023-12-05,103090.85,0.0,103090.85
2023-12-06,103212.69,0.0,103212.69
2023-12-07,103178.54,0.0,103178.54
2023-12-08,102810.29,0.0,102810.29
2023-12-11,103675.94,0.0,103675.94
2023-12-12,103508.46,0.0,103508.46
2023-12-13,103849.63,0.0,103849.63
2023-12-14,104621.1,0.0,104621.1
2023-12-15,104940.2,0.0,104940.2
2023-12-18,105525.85,0.0,105525.85
2023-12-19,105708.83,0.0,105708.83
2023-12-20,102058.89,0.0,102058.89
2023-12-21,104179.02,0.0,104179.02
2023-12-22,106015.05,0.0,106015.05
2023-12-26,108029.15,0.0,108029.15
2023-12-27,108716.95,0.0,108716.95
2023-12-28,109308.39,0.0,109308.39
2023-12-29,109634.29,0.0,109634.29
2024-01-01,103538.09,0.0,103538.09
2024-01-02,102678.42,0.0,102678.42
2024-01-03,103277.37,0.0,103277.37
2024-01-04,104830.86,0.0,104830.86
2024-01-05,105156.0,0.0,105156.0
2024-01-08,104530.93,0.0,104530.93
2024-01-09,107876.89,0.0,107876.89
2024-01-10,108909.03,0.0,108909.03
2024-01-11,109421.87,0.0,109421.87
2024-01-12,110249.47,0.0,110249.47
2024-01-15,110041.18,0.0,110041.18
2024-01-16,108347.81,0.0,108347.81
2024-01-17,107508.28,0.0,107508.28
2024-01-18,108436.66,0.0,108436.66
2024-01-19,111521.85,0.0,111521.85
2024-01-22,111521.85,0.0,111521.85
2024-01-23,113190.92,0.0,113190.92
2024-01-24,115466.31,0.0,115466.31
2024-01-25,116485.4,0.0,116485.4
2024-01-29,118119.55,0.0,118119.55
2024-01-30,117684.04,0.0,117684.04
2024-01-31,119073.93,0.0,119073.93
2024-02-01,119163.9,0.0,119163.9
2024-02-02,120951.89,0.0,120951.89
2024-02-05,119101.73,0.0,119101.73
2024-02-06,120089.29,0.0,120089.29
2024-02-07,122154.61,0.0,122154.61
2024-02-08,122183.65,0.0,122183.65
2024-02-09,119105.07,0.0,119105.07
2024-02-12,116185.85,0.0,116185.85
2024-02-13,115047.45,0.0,115047.45
2024-02-14,115972.89,0.0,115972.89
2024-02-15,117028.48,0.0,117028.48
2024-02-16,117203.88,0.0,117203.88
2024-02-19,118331.55,0.0,118331.55
2024-02-20,117799.4,0.0,117799.4
2024-02-21,116344.79,0.0,116344.79
2024-02-22,117706.52,0.0,117706.52
2024-02-23,118025.9,0.0,118025.9
2024-02-26,118468.23,0.0,118468.23
2024-02-27,119103.99,0.0,119103.99
2024-02-28,118121.29,0.0,118121.29
2024-02-29,119246.4,0.0,119246.4
2024-03-01,120059.43,0.0,120059.43
2024-03-04,119762.36,0.0,119762.36
2024-03-05,118487.25,0.0,118487.25
2024-03-06,116555.07,0.0,116555.07
2024-03-07,118035.59,0.0,118035.59
2024-03-11,116339.94,0.0,116339.94
2024-03-12,111142.92,0.0,111142.92
2024-03-13,103922.02,0.0,103922.02
2024-03-14,108807.93,0.0,108807.93
2024-03-15,108566.05,0.0,108566.05
2024-03-18,109955.4,0.0,109955.4
2024-03-19,108180.43,0.0,108180.43
2024-03-20,106943.43,0.0,106943.43
2024-03-21,109595.01,0.0,109595.01
2024-03-22,110821.08,0.0,110821.08
2024-03-26,110205.73,0.0,110205.73
2024-03-27,110517.36,0.0,110517.36
2024-03-28,110146.26,0.0,110146.26
2024-04-01,113506.55,0.0,113506.55
2024-04-02,116023.62,0.0,116023.62
2024-04-03,118409.39,0.0,118409.39
2024-04-04,117767.8,0.0,117767.8
2024-04-05,118310.89,0.0,118310.89
2024-04-08,118193.7,0.0,118193.7
2024-04-09,117289.23,0.0,117289.23
2024-04-10,118073.33,0.0,118073.33
2024-04-12,117402.0,0.0,117402.0
2024-04-15,114465.78,0.0,114465.78
2024-04-16,115214.16,0.0,115214.16
2024-04-18,116052.99,0.0,116052.99
2024-04-19,116257.94,0.0,116257.94
2024-04-22,117304.39,0.0,117304.39
2024-04-23,118877.57,0.0,118877.57
2024-04-24,119184.43,0.0,119184.43
2024-04-25,120894.1,0.0,120894.1
2024-04-26,120971.22,0.0,120971.22
2024-04-29,121474.47,0.0,121474.47
2024-04-30,121654.55,0.0,121654.55
2024-05-02,121602.09,0.0,121602.09
2024-05-03,120660.24,0.0,120660.24
2024-05-06,117737.18,0.0,117737.18
2024-05-07,115589.53,0.0,115589.53
2024-05-08,116511.18,0.0,116511.18
2024-05-09,114025.94,0.0,114025.94
2024-05-10,113647.26,0.0,113647.26
2024-05-13,113416.92,0.0,113416.92
2024-05-14,117266.56,0.0,117266.56
2024-05-15,118965.92,0.0,118965.92
2024-05-16,120611.69,0.0,120611.69
2024-05-17,122465.52,0.0,122465.52
2024-05-20,122465.52,0.0,122465.52
2024-05-21,124753.56,0.0,124753.56
2024-05-22,123856.58,0.0,123856.58
2024-05-23,124784.57,0.0,124784.57
2024-05-24,123872.26,0.0,123872.26
2024-05-27,124553.2,0.0,124553.2
2024-05-28,122288.99,0.0,122288.99
2024-05-29,121907.31,0.0,121907.31
2024-05-30,119632.71,0.0,119632.71
2024-05-31,119946.59,0.0,119946.59
2024-06-03,121920.95,0.0,121920.95
2024-06-04,112980.28,0.0,112980.28
2024-06-05,117255.26,0.0,117255.26
2024-06-06,122893.92,0.0,122893.92
2024-06-07,125695.98,0.0,125695.98
2024-06-10,126667.66,0.0,126667.66
2024-06-11,128400.36,0.0,128400.36
2024-06-12,128843.75,0.0,128843.75
2024-06-13,130272.96,0.0,130272.96
2024-06-14,131203.21,0.0,131203.21
2024-06-18,133878.04,0.0,133878.04
2024-06-19,133020.05,0.0,133020.05
2024-06-20,134046.38,0.0,134046.38
2024-06-21,133102.29,0.0,133102.29
2024-06-24,133730.75,0.0,133730.75
2024-06-25,134717.84,0.0,134717.84
2024-06-26,134677.09,0.0,134677.09
2024-06-27,133059.75,0.0,133059.75
2024-06-28,132522.87,0.0,132522.87
2024-07-01,137574.73,0.0,137574.73
2024-07-02,139512.03,0.0,139512.03
2024-07-03,140717.35,0.0,140717.35
2024-07-04,141147.58,0.0,141147.58
2024-07-05,141223.75,0.0,141223.75
2024-07-08,139714.62,0.0,139714.62
2024-07-09,139370.83,0.0,139370.83
2024-07-10,138012.15,0.0,138012.15
2024-07-11,143857.98,0.0,143857.98
2024-07-12,143439.31,0.0,143439.31
2024-07-15,144727.36,0.0,144727.36
2024-07-16,143131.46,0.0,143131.46
2024-07-18,142500.16,0.0,142500.16
2024-07-19,138102.06,0.0,138102.06
2024-07-22,139437.91,0.0,139437.91
2024-07-23,137786.48,0.0,137786.48
2024-07-24,141706.88,0.0,141706.88
2024-07-25,142209.31,0.0,142209.31
2024-07-26,144497.01,0.0,144497.01
2024-07-29,145840.92,0.0,145840.92
2024-07-30,146164.59,0.0,146164.59
2024-07-31,146379.16,0.0,146379.16
2024-08-01,144350.59,0.0,144350.59
2024-08-02,143517.43,0.0,143517.43
2024-08-05,136876.21,0.0,136876.21
2024-08-06,137046.64,0.0,137046.64
2024-08-07,141769.11,0.0,141769.11
2024-08-08,141282.66,0.0,141282.66
2024-08-09,142990.11,0.0,142990.11
2024-08-12,143303.86,0.0,143303.86
2024-08-13,141402.17,0.0,141402.17
2024-08-14,139505.51,0.0,139505.51
2024-08-16,141947.51,0.0,141947.51
2024-08-19,145888.6,0.0,145888.6
2024-08-20,149220.27,0.0,149220.27
2024-08-21,150686.07,0.0,150686.07
2024-08-22,151432.64,0.0,151432.64
2024-08-23,151126.39,0.0,151126.39
2024-08-26,152739.25,0.0,152739.25
2024-08-27,154136.25,0.0,154136.25
2024-08-28,154448.44,0.0,154448.44
2024-08-29,154845.41,0.0,154845.41
2024-08-30,159106.15,0.0,159106.15
2024-09-02,160149.6,0.0,160149.6
2024-09-03,161876.45,0.0,161876.45
2024-09-04,161949.0,0.0,161949.0
2024-09-05,163309.24,0.0,163309.24
2024-09-06,165196.8,0.0,165196.8
2024-09-09,161845.7,0.0,161845.7
2024-09-10,164539.77,0.0,164539.77
2024-09-11,163728.39,0.0,163728.39
2024-09-12,163959.09,0.0,163959.09
2024-09-13,169705.89,0.0,169705.89
2024-09-16,174729.6,0.0,174729.6
2024-09-17,171225.16,0.0,171225.16
2024-09-18,168239.69,0.0,168239.69
2024-09-19,167555.67,0.0,167555.67
2024-09-20,167362.03,0.0,167362.03
2024-09-23,169132.96,0.0,169132.96
2024-09-24,169404.56,0.0,169404.56
2024-09-25,168314.0,0.0,168314.0
2024-09-26,169703.97,0.0,169703.97
2024-09-27,172099.2,0.0,172099.2
2024-09-30,171910.36,0.0,171910.36
2024-10-01,171363.19,0.0,171363.19
2024-10-03,167172.54,0.0,167172.54
2024-10-04,166498.25,0.0,166498.25
2024-10-07,160093.64,0.0,160093.64
2024-10-08,164570.54,0.0,164570.54
2024-10-09,166021.46,0.0,166021.46
2024-10-10,165313.21,0.0,165313.21
2024-10-11,166090.28,0.0,166090.28
2024-10-14,165929.78,0.0,165929.78
2024-10-15,167570.05,0.0,167570.05
2024-10-16,167951.43,0.0,167951.43
2024-10-17,164729.11,0.0,164729.11
2024-10-18,163258.86,0.0,163258.86
2024-10-21,160971.89,0.0,160971.89
2024-10-22,154920.6,0.0,154920.6
2024-10-23,158580.33,0.0,158580.33
2024-10-24,155713.42,0.0,155713.42
2024-10-25,151622.07,0.0,151622.07
2024-10-28,153609.83,0.0,153609.83
2024-10-29,155398.24,0.0,155398.24
2024-10-30,158083.86,0.0,158083.86
2024-10-31,160186.51,0.0,160186.51
2024-11-04,160243.95,0.0,160243.95
2024-11-05,161140.9,0.0,161140.9
2024-11-06,165004.39,0.0,165004.39
2024-11-07,163883.61,0.0,163883.61
2024-11-08,160411.46,0.0,160411.46
2024-11-11,158755.23,0.0,158755.23
2024-11-12,156211.63,0.0,156211.63
2024-11-13,150755.11,0.0,150755.11
2024-11-14,152054.41,0.0,152054.41
2024-11-18,151300.91,0.0,151300.91
2024-11-19,153180.79,0.0,153180.79
2024-11-20,153180.79,0.0,153180.79
2024-11-21,151382.88,0.0,151382.88
2024-11-22,152397.48,0.0,152397.48
2024-11-25,155767.46,0.0,155767.46
2024-11-26,159033.45,0.0,159033.45
2024-11-27,161243.48,0.0,161243.48
2024-11-28,161372.73,0.0,161372.73
2024-11-29,161444.73,0.0,161444.73
2024-12-02,163055.77,0.0,163055.77
2024-12-03,162134.32,0.0,162134.32
2024-12-04,162115.42,0.0,162115.42
2024-12-05,162810.5,0.0,162810.5
2024-12-06,165021.66,0.0,165021.66
2024-12-09,165985.28,0.0,165985.28
2024-12-10,165674.91,0.0,165674.91
2024-12-11,167425.26,0.0,167425.26
2024-12-12,165780.22,0.0,165780.22
2024-12-13,165728.54,0.0,165728.54
2024-12-16,166448.18,0.0,166448.18
2024-12-17,165587.65,0.0,165587.65
2024-12-18,163547.26,0.0,163547.26
2024-12-19,162674.6,0.0,162674.6
2024-12-20,157943.02,0.0,157943.02
2024-12-23,156467.13,0.0,156467.13
2024-12-24,156697.15,0.0,156697.15
2024-12-26,157150.81,0.0,157150.81
2024-12-27,157457.65,0.0,157457.65
2024-12-30,152310.06,0.0,152310.06
2024-12-31,155828.54,0.0,155828.54
2025-01-01,147693.83,0.0,147693.83
2025-01-02,149263.94,0.0,149263.94
2025-01-03,149638.94,0.0,149638.94
2025-01-06,145370.14,0.0,145370.14
2025-01-07,148955.45,0.0,148955.45
2025-01-08,145740.73,0.0,145740.73
2025-01-09,142986.81,0.0,142986.81
2025-01-10,141255.54,0.0,141255.54
2025-01-13,134509.62,0.0,134509.62
2025-01-14,138013.28,0.0,138013.28
2025-01-15,138137.7,0.0,138137.7
2025-01-16,138775.15,0.0,138775.15
2025-01-17,138914.67,0.0,138914.67
2025-01-20,140973.83,0.0,140973.83
2025-01-21,138462.32,0.0,138462.32
2025-01-22,136699.17,0.0,136699.17
2025-01-23,138143.11,0.0,138143.11
2025-01-24,134463.69,0.0,134463.69
2025-01-27,129768.24,0.0,129768.24
2025-01-28,125077.53,0.0,125077.53
2025-01-29,128500.62,0.0,128500.62
2025-01-30,129510.57,0.0,129510.57
2025-01-31,131849.96,0.0,131849.96
2025-02-03,131397.59,0.0,131397.59
2025-02-04,131583.05,0.0,131583.05
2025-02-05,134005.52,0.0,134005.52
2025-02-06,133189.78,0.0,133189.78
2025-02-07,136060.28,0.0,136060.28
2025-02-10,131765.31,0.0,131765.31
2025-02-11,126311.84,0.0,126311.84
2025-02-12,127447.92,0.0,127447.92
2025-02-13,125111.35,0.0,125111.35
2025-02-14,125722.82,0.0,125722.82
2025-02-17,129920.73,0.0,129920.73
2025-02-18,126687.84,0.0,126687.84
2025-02-19,127366.64,0.0,127366.64
2025-02-20,125778.63,0.0,125778.63
2025-02-21,124272.61,0.0,124272.61
2025-02-24,122597.94,0.0,122597.94
2025-02-25,122086.28,0.0,122086.28
2025-02-27,118554.82,0.0,118554.82
2025-02-28,114879.46,0.0,114879.46
2025-03-03,113242.83,0.0,113242.83
2025-03-04,113673.9,0.0,113673.9
2025-03-05,116064.3,0.0,116064.3
2025-03-06,118266.68,0.0,118266.68
2025-03-07,118844.32,0.0,118844.32
2025-03-10,114986.55,0.0,114986.55
2025-03-11,115703.79,0.0,115703.79
2025-03-12,116266.28,0.0,116266.28
2025-03-13,116545.29,0.0,116545.29
2025-03-17,118943.88,0.0,118943.88
2025-03-18,118943.88,0.0,118943.88
2025-03-19,123766.48,0.0,123766.48
2025-03-20,124180.23,0.0,124180.23
2025-03-21,125525.02,0.0,125525.02
2025-03-24,128848.33,0.0,128848.33
2025-03-25,126506.09,0.0,126506.09
2025-03-26,124372.21,0.0,124372.21
2025-03-27,125762.3,0.0,125762.3
2025-03-28,127312.3,0.0,127312.3
2025-04-01,127895.31,0.0,127895.31
2025-04-02,129847.03,0.0,129847.03
2025-04-03,129244.55,0.0,129244.55
2025-04-04,122754.95,0.0,122754.95
2025-04-07,117580.91,0.0,117580.91
2025-04-08,120992.06,0.0,120992.06
2025-04-09,120317.89,0.0,120317.89
2025-04-11,123407.69,0.0,123407.69
2025-04-15,126861.46,0.0,126861.46
2025-04-16,127409.01,0.0,127409.01
2025-04-17,128959.23,0.0,128959.23
2025-04-21,131025.46,0.0,131025.46
2025-04-22,133234.71,0.0,133234.71
2025-04-23,135889.24,0.0,135889.24
2025-04-24,136913.75,0.0,136913.75
2025-04-25,133127.46,0.0,133127.46
2025-04-28,134833.54,0.0,134833.54
2025-04-29,134988.29,0.0,134988.29
2025-04-30,133336.68,0.0,133336.68
2025-05-02,133456.54,0.0,133456.54
2025-05-05,136689.76,0.0,136689.76
2025-05-06,133557.93,0.0,133557.93
2025-05-07,133715.21,0.0,133715.21
2025-05-08,131910.83,0.0,131910.83
2025-05-09,131751.83,0.0,131751.83
2025-05-12,137932.33,0.0,137932.33
2025-05-13,141168.44,0.0,141168.44
2025-05-14,143594.62,0.0,143594.62
2025-05-15,147984.53,0.0,147984.53
2025-05-16,148758.08,0.0,148758.08
2025-05-19,147909.21,0.0,147909.21
2025-05-20,147449.2,0.0,147449.2
2025-05-21,149020.53,0.0,149020.53
2025-05-22,148715.54,0.0,148715.54
2025-05-23,149556.34,0.0,149556.34
2025-05-26,149208.76,0.0,149208.76
2025-05-27,149247.62,0.0,149247.62
2025-05-28,150065.36,0.0,150065.36
2025-05-29,151200.83,0.0,151200.83
2025-05-30,152518.62,0.0,152518.62
2025-06-02,150419.4,0.0,150419.4
2025-06-03,151261.56,0.0,151261.56
2025-06-04,151621.65,0.0,151621.65
2025-06-05,152491.48,0.0,152491.48
2025-06-06,152396.25,0.0,152396.25
2025-06-09,154749.09,0.0,154749.09
2025-06-10,155712.88,0.0,155712.88
2025-06-11,154518.35,0.0,154518.35
2025-06-12,153085.18,0.0,153085.18
2025-06-13,152994.42,0.0,152994.42
2025-06-16,153429.14,0.0,153429.14
2025-06-17,151058.28,0.0,151058.28
2025-06-18,148900.48,0.0,148900.48
2025-06-19,146246.46,0.0,146246.46
2025-06-20,146711.07,0.0,146711.07
2025-06-23,147012.03,0.0,147012.03
2025-06-24,147345.19,0.0,147345.19
2025-06-25,149419.54,0.0,149419.54
2025-06-26,151517.85,0.0,151517.85
2025-06-27,153924.55,0.0,153924.55
2025-06-30,155599.13,0.0,155599.13
2025-07-01,155058.76,0.0,155058.76
2025-07-02,155448.22,0.0,155448.22
2025-07-03,155493.17,0.0,155493.17
2025-07-04,154412.02,0.0,154412.02
2025-07-07,154188.82,0.0,154188.82
2025-07-08,151095.85,0.0,151095.85
2025-07-09,152232.77,0.0,152232.77
2025-07-10,151913.58,0.0,151913.58
2025-07-11,149800.27,0.0,149800.27
2025-07-14,153880.99,0.0,153880.99
2025-07-15,157613.59,0.0,157613.59
2025-07-16,158761.29,0.0,158761.29
2025-07-17,158614.1,0.0,158614.1
2025-07-18,158588.72,0.0,158588.72
2025-07-21,159561.92,0.0,159561.92
2025-07-22,161378.93,0.0,161378.93
2025-07-23,160340.27,0.0,160340.27
2025-07-24,157402.16,0.0,157402.16
2025-07-25,156048.32,0.0,156048.32
2025-07-28,154267.9,0.0,154267.9
2025-07-29,159914.99,0.0,159914.99
2025-07-30,162621.5,0.0,162621.5
2025-07-31,158915.56,0.0,158915.56
2025-08-01,152723.51,0.0,152723.51
2025-08-04,154973.63,0.0,154973.63
2025-08-05,157571.72,0.0,157571.72
2025-08-06,158878.56,0.0,158878.56
2025-08-07,155482.72,0.0,155482.72
2025-08-08,153845.94,0.0,153845.94
2025-08-11,154568.4,0.0,154568.4
2025-08-12,154387.44,0.0,154387.44
2025-08-13,155361.18,0.0,155361.18
2025-08-14,155168.24,0.0,155168.24
2025-08-18,154808.58,0.0,154808.58
2025-08-19,156824.93,0.0,156824.93
2025-08-20,160443.37,0.0,160443.37
2025-08-21,160091.36,0.0,160091.36
2025-08-22,157513.05,0.0,157513.05
2025-08-25,158675.09,0.0,158675.09
2025-08-26,156375.03,0.0,156375.03
2025-08-28,155642.0,0.0,155642.0
2025-08-29,157795.26,0.0,157795.26
2025-09-01,159146.84,0.0,159146.84
2025-09-02,157724.35,0.0,157724.35
2025-09-03,159387.82,0.0,159387.82
2025-09-04,158642.59,0.0,158642.59
2025-09-05,160121.43,0.0,160121.43
2025-09-08,159329.77,0.0,159329.77
2025-09-09,160352.28,0.0,160352.28
2025-09-10,160955.71,0.0,160955.71
2025-09-11,160207.72,0.0,160207.72
2025-09-12,159851.01,0.0,159851.01
2025-09-15,161780.17,0.0,161780.17
2025-09-16,165972.71,0.0,165972.71
2025-09-17,166716.14,0.0,166716.14
2025-09-18,166259.64,0.0,166259.64
2025-09-19,167237.27,0.0,167237.27
2025-09-22,165682.3,0.0,165682.3
2025-09-23,164617.17,0.0,164617.17
2025-09-24,165245.79,0.0,165245.79
2025-09-25,163917.18,0.0,163917.18
2025-09-26,159951.28,0.0,159951.28
2025-09-29,164354.5,0.0,164354.5
2025-09-30,162752.88,0.0,162752.88
2025-10-01,164636.44,0.0,164636.44
2025-10-03,166592.32,0.0,166592.32
2025-10-06,167381.36,0.0,167381.36
2025-10-07,165013.15,0.0,165013.15
2025-10-08,164904.84,0.0,164904.84
2025-10-09,164147.42,0.0,164147.42
2025-10-10,164282.68,0.0,164282.68
2025-10-13,163515.22,0.0,163515.22
2025-10-14,160792.34,0.0,160792.34
2025-10-15,162334.09,0.0,162334.09
2025-10-16,162417.49,0.0,162417.49
2025-10-17,161922.53,0.0,161922.53
2025-10-20,161664.8,0.0,161664.8
2025-10-23,159040.36,0.0,159040.36
2025-10-24,158731.1,0.0,158731.1
2025-10-27,160025.12,0.0,160025.12
2025-10-28,160995.58,0.0,160995.58
2025-10-29,162817.4,0.0,162817.4
2025-10-30,162185.01,0.0,162185.01
2025-10-31,160713.87,0.0,160713.87
2025-11-03,160994.49,0.0,160994.49
2025-11-04,161185.83,0.0,161185.83
2025-11-06,160198.02,0.0,160198.02
2025-11-07,161328.69,0.0,161328.69
2025-11-10,161140.15,0.0,161140.15
2025-11-11,162948.76,0.0,162948.76
2025-11-12,162997.94,0.0,162997.94
2025-11-13,164082.61,0.0,164082.61
2025-11-14,164034.19,0.0,164034.19
2025-11-17,164496.94,0.0,164496.94
2025-11-18,162822.5,0.0,162822.5
2025-11-19,162893.13,0.0,162893.13
2025-11-20,162237.68,0.0,162237.68
2025-11-21,158147.64,0.0,158147.64
2025-11-24,155991.43,0.0,155991.43
2025-11-25,156203.67,0.0,156203.67
2025-11-26,157976.87,0.0,157976.87
2025-11-27,158538.57,0.0,158538.57
2025-11-28,159064.61,0.0,159064.61
2025-12-01,159913.96,0.0,159913.96
2025-12-02,158334.57,0.0,158334.57
2025-12-03,156986.47,0.0,156986.47
2025-12-04,158158.41,0.0,158158.41
2025-12-05,156776.0,0.0,156776.0
2025-12-08,153110.56,0.0,153110.56
2025-12-09,156490.39,0.0,156490.39
2025-12-10,155949.45,0.0,155949.45
2025-12-11,156384.84,0.0,156384.84
2025-12-12,157708.29,0.0,157708.29
2025-12-15,159073.87,0.0,159073.87
2025-12-16,158171.2,0.0,158171.2
2025-12-17,157273.59,0.0,157273.59
2025-12-18,156502.58,0.0,156502.58
2025-12-19,158611.3,0.0,158611.3
2025-12-22,160168.72,0.0,160168.72
2025-12-23,160300.32,0.0,160300.32
2025-12-24,159996.88,0.0,159996.88
2025-12-26,159254.16,0.0,159254.16
2025-12-29,157598.88,0.0,157598.88
2025-12-30,157000.59,0.0,157000.59
2025-12-31,158752.04,0.0,158752.04
2026-01-01,157731.73,0.0,157731.73
2026-01-02,158966.37,0.0,158966.37
2026-01-05,158557.88,0.0,158557.88
2026-01-06,157068.32,0.0,157068.32
2026-01-07,157271.58,0.0,157271.58
2026-01-08,153214.61,0.0,153214.61
2026-01-09,153214.61,0.0,153214.61
2026-01-12,153214.61,0.0,153214.61
2026-01-13,153214.61,0.0,153214.61
2026-01-14,153214.61,0.0,153214.61
2026-01-15,153214.61,0.0,153214.61
2026-01-16,153214.61,0.0,153214.61
2026-01-19,153214.61,0.0,153214.61
2026-01-20,153214.61,0.0,153214.61
2026-01-21,153214.61,0.0,153214.61
2026-01-22,153214.61,0.0,153214.61
2026-01-23,153214.61,0.0,153214.61
2026-01-27,153214.61,0.0,153214.61
2026-01-28,153214.61,0.0,153214.61
2026-01-29,153214.61,0.0,153214.61
2026-01-30,153214.61,0.0,153214.61
2026-02-02,153214.61,0.0,153214.61
2026-02-03,153214.61,0.0,153214.61
2026-02-04,153214.61,0.0,153214.61
2026-02-05,153214.61,0.0,153214.61
2026-02-06,153214.61,0.0,153214.61
2026-02-09,153214.61,0.0,153214.61
2026-02-10,153214.61,0.0,153214.61
2026-02-11,153214.61,0.0,153214.61
2026-02-12,153214.61,0.0,153214.61
2026-02-13,153214.61,0.0,153214.61
2026-02-16,153214.61,0.0,153214.61
2026-02-17,153214.61,0.0,153214.61
2026-02-18,153214.61,0.0,153214.61
2026-02-19,153214.61,0.0,153214.61
2026-02-20,153214.61,0.0,153214.61
2026-02-23,153214.61,0.0,153214.61
2026-02-24,153214.61,0.0,153214.61
2026-02-25,153214.61,0.0,153214.61
2026-02-26,153214.61,0.0,153214.61
2026-02-27,153214.61,0.0,153214.61
2026-03-02,153214.61,0.0,153214.61
2026-03-04,153214.61,0.0,153214.61
2026-03-05,153214.61,0.0,153214.61
2026-03-06,153214.61,0.0,153214.61
2026-03-09,153214.61,0.0,153214.61
2026-03-10,153214.61,0.0,153214.61
2026-03-11,153214.61,0.0,153214.61
2026-03-12,153214.61,0.0,153214.61
2026-03-13,153214.61,0.0,153214.61
2026-03-16,153214.61,0.0,153214.61
2026-03-17,153214.61,0.0,153214.61
2026-03-18,153214.61,0.0,153214.61
2026-03-19,153214.61,0.0,153214.61
2026-03-20,153214.61,0.0,153214.61
2026-03-23,153214.61,0.0,153214.61
2026-03-24,153214.61,0.0,153214.61
2026-03-25,153214.61,0.0,153214.61
2026-03-27,153214.61,0.0,153214.61
2026-03-30,153214.61,0.0,153214.61
2026-04-01,153214.61,0.0,153214.61
2026-04-02,153214.61,0.0,153214.61
2026-04-06,153214.61,0.0,153214.61
2026-04-07,153214.61,0.0,153214.61
2026-04-08,153214.61,0.0,153214.61
2026-04-09,153214.61,0.0,153214.61
2026-04-10,153214.61,0.0,153214.61
