Ticker,Quantity,Avg_Buy_Price,Invested_Amount,Current_Price,Current_Amount,Percent_of_Portfolio,Month,Date
BAJFINANCE.NS,9.951981,20.1,200.0,21.92,218.19,20.324,Jul 2014,2014-07-31
BPCL.NS,2.035278,98.27,200.0,96.69,196.79,18.331,Jul 2014,2014-07-31
JSWSTEEL.NS,1.575423,126.95,200.0,118.04,185.96,17.322,Jul 2014,2014-07-31
HAVELLS.NS,0.85357,234.31,200.0,239.59,204.51,19.05,Jul 2014,2014-07-31
ATUL.NS,0.224782,889.75,200.0,1192.75,268.11,24.974,Jul 2014,2014-07-31
BAJFINANCE.NS,22.975093,21.17,486.29,24.71,567.81,22.687,Aug 2014,2014-08-28
HAVELLS.NS,2.086875,233.02,486.29,284.2,593.09,23.697,Aug 2014,2014-08-28
ATUL.NS,0.470206,1034.2,486.29,1356.6,637.88,25.486,Aug 2014,2014-08-28
AARTIIND.NS,5.438098,52.64,286.29,68.21,370.92,14.82,Aug 2014,2014-08-28
BERGEPAINT.NS,3.245907,88.2,286.29,102.63,333.14,13.31,Aug 2014,2014-08-28
BAJFINANCE.NS,43.084097,22.66,976.37,27.21,1172.45,32.074,Sep 2014,2014-09-30
BPCL.NS,4.171837,117.47,490.09,109.23,455.7,12.466,Sep 2014,2014-09-30
CHOLAFIN.NS,6.025902,81.33,490.09,99.2,597.77,16.353,Sep 2014,2014-09-30
TTKPRESTIG.NS,1.276863,383.82,490.09,340.12,434.29,11.881,Sep 2014,2014-09-30
HERITGFOOD.NS,5.948152,82.39,490.09,87.43,520.02,14.226,Sep 2014,2014-09-30
M&M.NS,0.698452,701.67,490.09,680.4,475.23,13.001,Sep 2014,2014-09-30
BAJFINANCE.NS,56.611825,23.87,1351.1,28.08,1589.94,33.469,Oct 2014,2014-10-31
BPCL.NS,7.615736,113.56,864.81,120.79,919.92,19.365,Oct 2014,2014-10-31
CHOLAFIN.NS,9.930099,87.09,864.81,96.99,963.12,20.274,Oct 2014,2014-10-31
HERITGFOOD.NS,9.997685,86.5,864.81,86.56,865.44,18.218,Oct 2014,2014-10-31
HAVELLS.NS,1.444026,259.5,374.72,285.4,412.13,8.675,Oct 2014,2014-10-31
BAJFINANCE.NS,86.962295,25.27,2197.79,30.92,2688.74,43.09,Nov 2014,2014-11-28
CHOLAFIN.NS,18.804294,91.02,1711.5,90.23,1696.71,27.192,Nov 2014,2014-11-28
CANFINHOME.NS,9.598802,88.21,846.69,91.12,874.64,14.017,Nov 2014,2014-11-28
LICHSGFIN.NS,2.319373,365.05,846.69,422.4,979.7,15.701,Nov 2014,2014-11-28
BAJFINANCE.NS,110.387397,26.46,2920.95,34.84,3845.84,50.022,Dec 2014,2014-12-31
CHOLAFIN.NS,26.654577,91.34,2434.67,94.73,2524.99,32.842,Dec 2014,2014-12-31
WHEELS.NS,1.520299,475.67,723.17,457.23,695.12,9.041,Dec 2014,2014-12-31
VAKRANGEE.NS,10.71227,67.51,723.17,58.1,622.35,8.095,Dec 2014,2014-12-31
BAJFINANCE.NS,132.992313,27.91,3712.06,40.51,5386.92,52.438,Jan 2015,2015-01-30
VAKRANGEE.NS,10.71227,67.51,723.17,59.87,641.32,6.243,Jan 2015,2015-01-30
CANFINHOME.NS,8.642859,91.53,791.1,123.62,1068.43,10.4,Jan 2015,2015-01-30
AARTIIND.NS,12.655589,62.51,791.1,69.17,875.37,8.521,Jan 2015,2015-01-30
RECLTD.NS,6.284216,125.89,791.1,124.91,784.98,7.641,Jan 2015,2015-01-30
HAVELLS.NS,2.863208,276.3,791.1,258.45,740.0,7.203,Jan 2015,2015-01-30
ASTRAL.NS,4.517562,175.12,791.1,171.77,775.96,7.553,Jan 2015,2015-01-30
BAJFINANCE.NS,142.629114,28.84,4112.96,41.07,5857.92,50.117,Feb 2015,2015-02-27
CANFINHOME.NS,11.846476,100.62,1192.0,125.17,1482.82,12.686,Feb 2015,2015-02-27
AARTIIND.NS,18.212463,65.45,1192.0,70.6,1285.84,11.001,Feb 2015,2015-02-27
HAVELLS.NS,2.863208,276.3,791.1,273.9,784.23,6.709,Feb 2015,2015-02-27
ASTRAL.NS,6.82916,174.55,1192.0,200.34,1368.15,11.705,Feb 2015,2015-02-27
WHEELS.NS,0.700416,572.38,400.9,736.33,515.73,4.412,Feb 2015,2015-02-27
ATUL.NS,0.302441,1325.55,400.9,1302.0,393.78,3.369,Feb 2015,2015-02-27
CANFINHOME.NS,21.59396,111.59,2409.76,121.48,2623.23,19.83,Mar 2015,2015-03-31
AARTIIND.NS,35.511215,67.86,2409.76,85.24,3027.06,22.882,Mar 2015,2015-03-31
HAVELLS.NS,7.234966,277.66,2008.86,305.25,2208.47,16.694,Mar 2015,2015-03-31
ASTRAL.NS,12.986423,185.56,2409.76,201.53,2617.19,19.784,Mar 2015,2015-03-31
ATUL.NS,0.302441,1325.55,400.9,1132.0,342.36,2.588,Mar 2015,2015-03-31
ARVIND.NS,10.475997,116.24,1217.75,96.65,1012.51,7.654,Mar 2015,2015-03-31
KKCL.NS,3.288026,370.36,1217.75,425.16,1397.94,10.567,Mar 2015,2015-03-31
CANFINHOME.NS,28.665567,115.87,3321.57,143.35,4109.21,29.158,Apr 2015,2015-04-30
AARTIIND.NS,46.487978,71.45,3321.57,76.22,3543.09,25.141,Apr 2015,2015-04-30
ASTRAL.NS,12.986423,185.56,2409.76,198.54,2578.33,18.295,Apr 2015,2015-04-30
ATUL.NS,0.302441,1325.55,400.9,1158.05,350.24,2.485,Apr 2015,2015-04-30
BAJFINANCE.NS,22.024205,41.4,911.81,40.44,890.72,6.32,Apr 2015,2015-04-30
BPCL.NS,6.802883,134.03,911.81,127.46,867.08,6.153,Apr 2015,2015-04-30
RECLTD.NS,7.202315,126.6,911.81,116.83,841.46,5.971,Apr 2015,2015-04-30
LAOPALA.NS,4.643815,196.35,911.81,196.55,912.74,6.477,Apr 2015,2015-04-30
CANFINHOME.NS,33.272832,120.12,3996.67,136.3,4535.09,30.924,May 2015,2015-05-29
AARTIIND.NS,54.950559,72.73,3996.67,77.19,4241.48,28.922,May 2015,2015-05-29
ATUL.NS,0.302441,1325.55,400.9,1171.3,354.25,2.416,May 2015,2015-05-29
BAJFINANCE.NS,38.126253,41.62,1586.92,42.17,1607.61,10.962,May 2015,2015-05-29
BPCL.NS,11.971461,132.56,1586.92,141.69,1696.26,11.566,May 2015,2015-05-29
LAOPALA.NS,8.036716,197.46,1586.92,196.62,1580.22,10.775,May 2015,2015-05-29
CHOLAFIN.NS,5.616961,120.19,675.1,115.81,650.5,4.436,May 2015,2015-05-29
CANFINHOME.NS,36.640295,121.61,4455.76,154.34,5655.06,33.039,Jun 2015,2015-06-30
AARTIIND.NS,60.976037,73.07,4455.76,82.67,5040.68,29.449,Jun 2015,2015-06-30
ATUL.NS,0.691118,1244.34,859.99,1195.2,826.02,4.826,Jun 2015,2015-06-30
BAJFINANCE.NS,48.607913,42.09,2046.0,54.43,2645.92,15.458,Jun 2015,2015-06-30
LAOPALA.NS,10.408642,196.57,2046.0,169.1,1760.1,10.283,Jun 2015,2015-06-30
CHOLAFIN.NS,9.496344,119.43,1134.19,125.17,1188.66,6.945,Jun 2015,2015-06-30
CANFINHOME.NS,49.275498,129.95,6403.35,161.49,7957.5,39.378,Jul 2015,2015-07-31
ATUL.NS,2.30443,1218.34,2807.58,1270.55,2927.89,14.489,Jul 2015,2015-07-31
BAJFINANCE.NS,84.030238,47.53,3993.59,55.11,4631.16,22.918,Jul 2015,2015-07-31
VAKRANGEE.NS,35.143403,55.42,1947.59,77.57,2726.14,13.49,Jul 2015,2015-07-31
KAJARIACER.NS,5.269098,369.62,1947.59,372.98,1965.24,9.725,Jul 2015,2015-07-31
BAJFINANCE.NS,121.338603,50.38,6113.58,50.21,6092.65,34.129,Aug 2015,2015-08-31
KAJARIACER.NS,10.939041,371.84,4067.58,343.4,3756.47,21.042,Aug 2015,2015-08-31
BPCL.NS,13.996426,151.47,2119.99,147.2,2060.27,11.541,Aug 2015,2015-08-31
CHOLAFIN.NS,15.539046,136.43,2119.99,121.12,1882.09,10.543,Aug 2015,2015-08-31
AARTIIND.NS,20.881891,101.52,2119.99,102.99,2150.69,12.047,Aug 2015,2015-08-31
LT.NS,1.787112,1186.27,2119.99,1068.6,1909.71,10.698,Aug 2015,2015-08-31
BAJFINANCE.NS,154.140104,50.16,7732.35,51.31,7909.31,39.951,Sep 2015,2015-09-30
CHOLAFIN.NS,28.973941,129.04,3738.76,130.27,3774.44,19.065,Sep 2015,2015-09-30
AARTIIND.NS,36.865011,101.42,3738.76,133.71,4929.13,24.898,Sep 2015,2015-09-30
HERITGFOOD.NS,16.658231,97.18,1618.77,98.95,1648.34,8.326,Sep 2015,2015-09-30
TITAN.NS,4.832872,334.95,1618.77,317.85,1536.13,7.759,Sep 2015,2015-09-30
BAJFINANCE.NS,178.722347,50.29,8987.9,52.22,9333.51,45.861,Oct 2015,2015-10-30
CHOLAFIN.NS,38.659587,129.19,4994.31,124.27,4804.23,23.606,Oct 2015,2015-10-30
HERITGFOOD.NS,29.508274,97.41,2874.32,121.04,3571.54,17.549,Oct 2015,2015-10-30
BPCL.NS,8.80985,142.52,1255.55,145.18,1279.04,6.285,Oct 2015,2015-10-30
CANFINHOME.NS,7.136242,175.94,1255.55,191.07,1363.52,6.7,Oct 2015,2015-10-30
HERITGFOOD.NS,56.633163,108.01,6117.15,131.09,7423.96,32.417,Nov 2015,2015-11-30
CANFINHOME.NS,24.587688,182.95,4498.38,193.4,4755.26,20.764,Nov 2015,2015-11-30
VAKRANGEE.NS,55.197506,58.75,3242.83,78.46,4330.63,18.91,Nov 2015,2015-11-30
ASTRAL.NS,17.364535,186.75,3242.83,186.46,3237.75,14.138,Nov 2015,2015-11-30
ATUL.NS,1.923157,1686.2,3242.83,1640.0,3153.98,13.772,Nov 2015,2015-11-30
CANFINHOME.NS,34.614569,185.95,6436.67,215.74,7467.75,30.044,Dec 2015,2015-12-31
VAKRANGEE.NS,79.858795,64.88,5181.12,81.3,6492.43,26.12,Dec 2015,2015-12-31
ATUL.NS,3.098238,1672.28,5181.12,1611.75,4993.59,20.09,Dec 2015,2015-12-31
BAJFINANCE.NS,34.588965,56.04,1938.3,60.1,2078.78,8.363,Dec 2015,2015-12-31
BPCL.NS,12.468938,155.45,1938.3,148.72,1854.34,7.46,Dec 2015,2015-12-31
WHEELS.NS,3.540591,547.45,1938.3,556.22,1969.36,7.923,Dec 2015,2015-12-31
CANFINHOME.NS,37.344305,188.4,7035.66,211.96,7915.5,32.873,Jan 2016,2016-01-29
VAKRANGEE.NS,87.207543,66.28,5780.11,85.07,7418.98,30.811,Jan 2016,2016-01-29
ATUL.NS,3.098238,1672.28,5181.12,1452.5,4500.19,18.689,Jan 2016,2016-01-29
BAJFINANCE.NS,44.415092,57.13,2537.28,59.28,2633.1,10.935,Jan 2016,2016-01-29
AARTIIND.NS,4.694385,127.6,598.99,119.72,562.03,2.334,Jan 2016,2016-01-29
ARVIND.NS,4.455686,134.43,598.99,123.58,550.63,2.287,Jan 2016,2016-01-29
ZENSARTECH.NS,2.756239,217.32,598.99,180.87,498.52,2.07,Jan 2016,2016-01-29
CANFINHOME.NS,46.868109,192.93,9042.04,188.76,8846.82,38.599,Feb 2016,2016-02-29
ATUL.NS,4.484818,1602.63,7187.5,1352.65,6066.39,26.468,Feb 2016,2016-02-29
BAJFINANCE.NS,77.837209,58.37,4543.66,59.32,4617.34,20.146,Feb 2016,2016-02-29
GABRIEL.NS,23.04859,87.05,2006.38,75.8,1747.08,7.623,Feb 2016,2016-02-29
ASTRAL.NS,10.67294,187.99,2006.38,153.86,1642.09,7.165,Feb 2016,2016-02-29
CANFINHOME.NS,58.804263,194.15,11416.86,230.94,13580.26,47.594,Mar 2016,2016-03-31
GABRIEL.NS,52.133921,84.04,4381.2,89.1,4645.13,16.279,Mar 2016,2016-03-31
HINDPETRO.NS,22.223786,106.86,2374.82,116.7,2593.6,9.09,Mar 2016,2016-03-31
AARTIIND.NS,22.148765,107.22,2374.82,125.25,2774.16,9.722,Mar 2016,2016-03-31
M&M.NS,3.745473,634.05,2374.82,605.35,2267.32,7.946,Mar 2016,2016-03-31
KEC.NS,21.857499,108.65,2374.82,122.3,2673.17,9.368,Mar 2016,2016-03-31
CANFINHOME.NS,65.983194,198.81,13117.91,240.43,15864.34,52.437,Apr 2016,2016-04-29
AARTIIND.NS,35.503137,114.8,4075.86,129.29,4590.03,15.172,Apr 2016,2016-04-29
M&M.NS,3.745473,634.05,2374.82,665.47,2492.52,8.239,Apr 2016,2016-04-29
BAJFINANCE.NS,24.733515,68.78,1701.05,68.29,1689.08,5.583,Apr 2016,2016-04-29
AVANTIFEED.NS,12.740339,133.52,1701.05,146.88,1871.34,6.185,Apr 2016,2016-04-29
BPCL.NS,11.50328,147.88,1701.05,163.0,1875.03,6.198,Apr 2016,2016-04-29
KAJARIACER.NS,3.566324,476.98,1701.05,524.88,1871.87,6.187,Apr 2016,2016-04-29
CANFINHOME.NS,68.998803,200.88,13860.53,241.79,16683.22,54.727,May 2016,2016-05-31
AARTIIND.NS,41.174205,117.03,4818.49,126.2,5196.15,17.045,May 2016,2016-05-31
BAJFINANCE.NS,35.261588,69.3,2443.67,75.89,2675.93,8.778,May 2016,2016-05-31
BPCL.NS,16.098963,151.79,2443.67,163.42,2630.84,8.63,May 2016,2016-05-31
KAJARIACER.NS,3.566324,476.98,1701.05,545.12,1944.09,6.377,May 2016,2016-05-31
ZENSARTECH.NS,3.8327,193.76,742.62,189.78,727.37,2.386,May 2016,2016-05-31
CEATLTD.NS,0.678536,1094.45,742.62,924.0,626.97,2.057,May 2016,2016-05-31
CANFINHOME.NS,70.982249,202.02,14339.99,244.45,17351.61,55.506,Jun 2016,2016-06-30
AARTIIND.NS,44.978189,117.79,5297.95,126.49,5689.32,18.2,Jun 2016,2016-06-30
BAJFINANCE.NS,41.535251,70.38,2923.13,79.97,3321.45,10.625,Jun 2016,2016-06-30
KAJARIACER.NS,3.566324,476.98,1701.05,603.0,2150.49,6.879,Jun 2016,2016-06-30
ZENSARTECH.NS,6.356697,192.25,1222.08,194.2,1234.47,3.949,Jun 2016,2016-06-30
CEATLTD.NS,1.20704,1012.46,1222.08,838.85,1012.53,3.239,Jun 2016,2016-06-30
ARVIND.NS,4.018956,119.3,479.46,124.62,500.85,1.602,Jun 2016,2016-06-30
CANFINHOME.NS,72.925788,203.14,14813.92,267.38,19498.9,56.141,Jul 2016,2016-07-29
AARTIIND.NS,48.683325,118.56,5771.88,134.86,6565.52,18.903,Jul 2016,2016-07-29
BAJFINANCE.NS,47.33812,71.76,3397.06,103.73,4910.22,14.137,Jul 2016,2016-07-29
KAJARIACER.NS,3.566324,476.98,1701.05,634.92,2264.35,6.519,Jul 2016,2016-07-29
BPCL.NS,2.604141,181.99,473.93,197.55,514.45,1.481,Jul 2016,2016-07-29
CHOLAFIN.NS,2.422098,195.67,473.93,218.47,529.16,1.524,Jul 2016,2016-07-29
ATUL.NS,0.233925,2026.0,473.93,1921.65,449.52,1.294,Jul 2016,2016-07-29
CANFINHOME.NS,74.597439,204.78,15275.98,298.27,22250.18,58.205,Aug 2016,2016-08-31
AARTIIND.NS,52.062022,119.74,6233.94,150.53,7837.15,20.501,Aug 2016,2016-08-31
BAJFINANCE.NS,51.454018,75.0,3859.12,110.11,5665.65,14.821,Aug 2016,2016-08-31
CHOLAFIN.NS,4.42731,211.41,935.99,231.9,1026.69,2.686,Aug 2016,2016-08-31
ATUL.NS,0.233925,2026.0,473.93,2226.45,520.82,1.362,Aug 2016,2016-08-31
KPRMILL.NS,4.175124,110.67,462.06,113.89,475.5,1.244,Aug 2016,2016-08-31
M&M.NS,0.62859,735.08,462.06,718.3,451.52,1.181,Aug 2016,2016-08-31
CANFINHOME.NS,83.03996,214.64,17823.6,325.04,26991.31,66.268,Sep 2016,2016-09-30
KPRMILL.NS,26.591448,113.18,3009.68,121.79,3238.71,7.952,Sep 2016,2016-09-30
AVANTIFEED.NS,14.066156,181.12,2547.62,174.78,2458.53,6.036,Sep 2016,2016-09-30
EICHERMOT.NS,1.118638,2277.43,2547.62,2482.78,2777.33,6.819,Sep 2016,2016-09-30
JSWENERGY.NS,33.433272,76.2,2547.62,73.05,2442.3,5.996,Sep 2016,2016-09-30
JKCEMENT.NS,3.222993,790.45,2547.62,875.75,2822.54,6.93,Sep 2016,2016-09-30
CANFINHOME.NS,85.500427,218.14,18651.42,365.79,31275.2,70.715,Oct 2016,2016-10-28
KPRMILL.NS,33.305624,115.22,3837.5,118.49,3946.38,8.923,Oct 2016,2016-10-28
EICHERMOT.NS,1.439547,2344.79,3375.44,2402.0,3457.79,7.818,Oct 2016,2016-10-28
JKCEMENT.NS,3.222993,790.45,2547.62,945.35,3046.86,6.889,Oct 2016,2016-10-28
BAJFINANCE.NS,7.617782,108.67,827.82,107.25,817.05,1.847,Oct 2016,2016-10-28
BPCL.NS,3.95615,209.25,827.82,223.02,882.29,1.995,Oct 2016,2016-10-28
ATUL.NS,0.347111,2384.9,827.82,2309.3,801.58,1.812,Oct 2016,2016-10-28
CANFINHOME.NS,87.209962,221.17,19288.08,338.55,29524.93,72.968,Nov 2016,2016-11-30
KPRMILL.NS,38.851727,115.16,4474.17,119.95,4660.26,11.517,Nov 2016,2016-11-30
EICHERMOT.NS,1.690985,2372.64,4012.1,2161.98,3655.88,9.035,Nov 2016,2016-11-30
BPCL.NS,6.780959,215.97,1464.49,214.65,1455.53,3.597,Nov 2016,2016-11-30
MRF.NS,0.012709,50095.45,636.66,49900.1,634.18,1.567,Nov 2016,2016-11-30
KAJARIACER.NS,0.99736,638.35,636.66,533.6,532.19,1.315,Nov 2016,2016-11-30
CANFINHOME.NS,88.145139,222.42,19604.89,316.23,27874.14,73.042,Dec 2016,2016-12-30
KPRMILL.NS,41.556651,115.29,4790.97,114.0,4737.46,12.414,Dec 2016,2016-12-30
EICHERMOT.NS,1.833673,2360.78,4328.91,2180.3,3997.97,10.476,Dec 2016,2016-12-30
MRF.NS,0.012709,50095.45,636.66,48905.65,621.54,1.629,Dec 2016,2016-12-30
CHOLAFIN.NS,1.646659,192.39,316.8,189.32,311.75,0.817,Dec 2016,2016-12-30
FINPIPE.NS,3.620993,87.49,316.8,87.0,315.03,0.826,Dec 2016,2016-12-30
ATUL.NS,0.146281,2165.7,316.8,2077.9,303.96,0.797,Dec 2016,2016-12-30
CANFINHOME.NS,88.145139,222.42,19604.89,372.06,32795.28,75.42,Jan 2017,2017-01-31
KPRMILL.NS,42.053721,115.27,4847.44,114.24,4804.22,11.048,Jan 2017,2017-01-31
EICHERMOT.NS,1.833673,2360.78,4328.91,2302.84,4222.67,9.711,Jan 2017,2017-01-31
MRF.NS,0.012709,50095.45,636.66,51659.5,656.54,1.51,Jan 2017,2017-01-31
FINPIPE.NS,4.26455,87.53,373.27,99.03,422.32,0.971,Jan 2017,2017-01-31
ATUL.NS,0.146281,2165.7,316.8,2269.8,332.03,0.764,Jan 2017,2017-01-31
BAJFINANCE.NS,0.649068,87.0,56.47,103.69,67.3,0.155,Jan 2017,2017-01-31
BPCL.NS,0.264507,213.5,56.47,227.22,60.1,0.138,Jan 2017,2017-01-31
AVANTIFEED.NS,0.345748,163.33,56.47,187.03,64.67,0.149,Jan 2017,2017-01-31
BALKRISIND.NS,0.103852,543.78,56.47,560.9,58.25,0.134,Jan 2017,2017-01-31
CANFINHOME.NS,90.490816,226.5,20496.34,387.03,35022.66,77.191,Feb 2017,2017-02-28
KPRMILL.NS,42.053721,115.27,4847.44,116.97,4919.02,10.842,Feb 2017,2017-02-28
MRF.NS,0.012709,50095.45,636.66,51835.05,658.77,1.452,Feb 2017,2017-02-28
BPCL.NS,4.124995,229.8,947.92,223.35,921.32,2.031,Feb 2017,2017-02-28
AVANTIFEED.NS,5.07326,186.85,947.92,225.15,1142.24,2.518,Feb 2017,2017-02-28
HIMATSEIDE.NS,2.594444,343.6,891.45,351.8,912.73,2.012,Feb 2017,2017-02-28
FINCABLES.NS,2.001462,445.4,891.45,445.5,891.65,1.965,Feb 2017,2017-02-28
KRBL.NS,2.34685,379.85,891.45,384.7,902.83,1.99,Feb 2017,2017-02-28
CANFINHOME.NS,93.222219,231.52,21583.11,424.29,39553.26,79.192,Mar 2017,2017-03-31
MRF.NS,0.012709,50095.45,636.66,60954.45,774.67,1.551,Mar 2017,2017-03-31
BPCL.NS,9.068982,224.36,2034.69,216.62,1964.49,3.933,Mar 2017,2017-03-31
AVANTIFEED.NS,9.891218,205.71,2034.69,245.83,2431.59,4.868,Mar 2017,2017-03-31
HIMATSEIDE.NS,5.644173,350.49,1978.22,343.5,1938.77,3.882,Mar 2017,2017-03-31
FINCABLES.NS,2.001462,445.4,891.45,516.55,1033.86,2.07,Mar 2017,2017-03-31
HINDPETRO.NS,4.715522,230.47,1086.77,233.62,1101.65,2.206,Mar 2017,2017-03-31
JKTYRE.NS,8.697645,124.95,1086.77,131.95,1147.65,2.298,Mar 2017,2017-03-31
CANFINHOME.NS,94.518795,234.72,22185.83,523.45,49475.86,81.741,Apr 2017,2017-04-28
MRF.NS,0.022591,54862.55,1239.39,67909.2,1534.13,2.535,Apr 2017,2017-04-28
AVANTIFEED.NS,12.217149,215.88,2637.42,291.37,3559.67,5.881,Apr 2017,2017-04-28
HIMATSEIDE.NS,7.403958,348.59,2580.95,338.6,2506.98,4.142,Apr 2017,2017-04-28
FINCABLES.NS,2.001462,445.4,891.45,526.1,1052.97,1.74,Apr 2017,2017-04-28
HINDPETRO.NS,7.330513,230.47,1689.5,238.29,1746.78,2.886,Apr 2017,2017-04-28
BAJFINANCE.NS,5.100286,118.18,602.73,127.62,650.9,1.075,Apr 2017,2017-04-28
CANFINHOME.NS,97.564855,245.11,23913.71,542.75,52953.32,83.489,May 2017,2017-05-31
FINCABLES.NS,2.001462,445.4,891.45,510.55,1021.85,1.611,May 2017,2017-05-31
HINDPETRO.NS,14.365843,237.88,3417.37,246.31,3538.47,5.579,May 2017,2017-05-31
AARTIIND.NS,8.337172,207.25,1727.88,213.91,1783.39,2.812,May 2017,2017-05-31
EICHERMOT.NS,0.66996,2579.07,1727.88,2843.5,1905.03,3.004,May 2017,2017-05-31
DCMSHRIRAM.NS,4.604603,375.25,1727.88,360.75,1661.11,2.619,May 2017,2017-05-31
SHILPI.NS,16.065803,107.55,1727.88,35.0,562.3,0.887,May 2017,2017-05-31
CANFINHOME.NS,99.758477,251.79,25118.21,646.51,64494.85,87.798,Jun 2017,2017-06-30
FINCABLES.NS,2.001462,445.4,891.45,456.3,913.27,1.243,Jun 2017,2017-06-30
AARTIIND.NS,14.024944,209.08,2932.37,222.78,3124.44,4.253,Jun 2017,2017-06-30
BAJFINANCE.NS,9.074445,132.74,1204.5,137.31,1246.01,1.696,Jun 2017,2017-06-30
CEATLTD.NS,0.672602,1790.8,1204.5,1795.0,1207.32,1.644,Jun 2017,2017-06-30
MRF.NS,0.017657,68217.3,1204.5,68325.9,1206.41,1.642,Jun 2017,2017-06-30
AVANTIFEED.NS,2.538097,474.57,1204.5,498.62,1265.54,1.723,Jun 2017,2017-06-30
CANFINHOME.NS,99.758477,251.79,25118.21,617.78,61628.8,86.255,Jul 2017,2017-07-31
FINCABLES.NS,2.001462,445.4,891.45,466.8,934.28,1.308,Jul 2017,2017-07-31
AARTIIND.NS,16.843468,212.37,3577.09,236.2,3978.47,5.568,Jul 2017,2017-07-31
BAJFINANCE.NS,13.722223,134.76,1849.21,170.31,2337.03,3.271,Jul 2017,2017-07-31
APLAPOLLO.NS,4.033512,159.84,644.72,159.15,641.95,0.898,Jul 2017,2017-07-31
IOC.NS,4.999094,128.97,644.72,122.55,612.64,0.857,Jul 2017,2017-07-31
EICHERMOT.NS,0.23219,2776.68,644.72,3008.12,698.45,0.978,Jul 2017,2017-07-31
JKTYRE.NS,3.81602,168.95,644.72,161.9,617.81,0.865,Jul 2017,2017-07-31
CANFINHOME.NS,100.576718,254.76,25623.36,573.11,57641.52,86.121,Aug 2017,2017-08-31
AARTIIND.NS,19.020995,214.62,4082.25,210.96,4012.58,5.995,Aug 2017,2017-08-31
BAJFINANCE.NS,16.6656,141.27,2354.37,178.19,2969.64,4.437,Aug 2017,2017-08-31
EICHERMOT.NS,0.392533,2929.37,1149.87,3145.08,1234.55,1.845,Aug 2017,2017-08-31
TRIDENT.NS,59.013677,8.56,505.16,9.91,585.12,0.874,Aug 2017,2017-08-31
KPRMILL.NS,3.212037,157.27,505.16,151.83,487.68,0.729,Aug 2017,2017-08-31
CANFINHOME.NS,100.576718,254.76,25623.36,530.91,53397.18,85.079,Sep 2017,2017-09-29
BAJFINANCE.NS,20.935257,149.17,3122.89,183.8,3848.0,6.131,Sep 2017,2017-09-29
EICHERMOT.NS,0.634415,3023.88,1918.39,3121.33,1980.22,3.155,Sep 2017,2017-09-29
TRIDENT.NS,138.611493,9.19,1273.67,9.77,1354.23,2.158,Sep 2017,2017-09-29
APLAPOLLO.NS,4.848687,158.5,768.52,169.42,821.46,1.309,Sep 2017,2017-09-29
BPCL.NS,2.86013,268.7,768.52,235.65,673.99,1.074,Sep 2017,2017-09-29
IOC.NS,5.142875,149.43,768.52,133.5,686.57,1.094,Sep 2017,2017-09-29
CANFINHOME.NS,100.576718,254.76,25623.36,480.15,48291.91,83.289,Oct 2017,2017-10-31
BAJFINANCE.NS,22.432954,151.68,3402.63,180.06,4039.28,6.967,Oct 2017,2017-10-31
EICHERMOT.NS,0.724226,3035.14,2198.13,3223.34,2334.43,4.026,Oct 2017,2017-10-31
TRIDENT.NS,167.083751,9.3,1553.41,10.28,1717.62,2.962,Oct 2017,2017-10-31
IOC.NS,7.207122,145.45,1048.26,138.5,998.19,1.722,Oct 2017,2017-10-31
KPRMILL.NS,1.858614,150.51,279.74,157.27,292.3,0.504,Oct 2017,2017-10-31
HERITGFOOD.NS,0.774983,360.96,279.74,396.69,307.43,0.53,Oct 2017,2017-10-31
CANFINHOME.NS,102.391699,258.6,26478.04,483.55,49511.5,86.12,Nov 2017,2017-11-30
EICHERMOT.NS,1.000554,3051.12,3052.8,2994.41,2996.06,5.211,Nov 2017,2017-11-30
TRIDENT.NS,249.422331,9.65,2408.09,8.9,2219.86,3.861,Nov 2017,2017-11-30
KPRMILL.NS,7.411332,153.06,1134.41,143.4,1062.79,1.849,Nov 2017,2017-11-30
APLAPOLLO.NS,4.56301,187.3,854.67,197.99,903.41,1.571,Nov 2017,2017-11-30
BPCL.NS,3.166634,269.9,854.67,251.93,797.75,1.388,Nov 2017,2017-11-30
CANFINHOME.NS,102.391699,258.6,26478.04,472.85,48415.92,85.082,Dec 2017,2017-12-29
EICHERMOT.NS,1.000554,3051.12,3052.8,3034.08,3035.76,5.335,Dec 2017,2017-12-29
BPCL.NS,3.166634,269.9,854.67,258.85,819.68,1.44,Dec 2017,2017-12-29
BAJFINANCE.NS,4.210796,171.16,720.72,175.67,739.71,1.3,Dec 2017,2017-12-29
IGL.NS,4.539968,158.75,720.72,167.9,762.26,1.34,Dec 2017,2017-12-29
SONATSOFTW.NS,8.054986,89.47,720.72,104.42,841.09,1.478,Dec 2017,2017-12-29
CEATLTD.NS,0.413494,1743.0,720.72,1950.85,806.66,1.418,Dec 2017,2017-12-29
MRF.NS,0.010892,66169.15,720.72,72357.05,788.12,1.385,Dec 2017,2017-12-29
AVANTIFEED.NS,0.823978,874.68,720.72,844.72,696.03,1.223,Dec 2017,2017-12-29
CANFINHOME.NS,102.391699,258.6,26478.04,449.15,45989.23,85.421,Jan 2018,2018-01-31
EICHERMOT.NS,1.000554,3051.12,3052.8,2692.36,2693.85,5.004,Jan 2018,2018-01-31
BPCL.NS,3.166634,269.9,854.67,246.15,779.47,1.448,Jan 2018,2018-01-31
BAJFINANCE.NS,5.466855,171.48,937.47,167.79,917.26,1.704,Jan 2018,2018-01-31
SONATSOFTW.NS,8.054986,89.47,720.72,113.04,910.57,1.691,Jan 2018,2018-01-31
CEATLTD.NS,0.413494,1743.0,720.72,1820.85,752.91,1.398,Jan 2018,2018-01-31
MRF.NS,0.010892,66169.15,720.72,68113.35,741.9,1.378,Jan 2018,2018-01-31
APLAPOLLO.NS,1.094375,198.06,216.75,214.34,234.57,0.436,Jan 2018,2018-01-31
FINPIPE.NS,1.636481,132.45,216.75,129.32,211.63,0.393,Jan 2018,2018-01-31
KPRMILL.NS,1.351742,160.35,216.75,146.5,198.03,0.368,Jan 2018,2018-01-31
NAVINFLUOR.NS,0.262094,827.0,216.75,794.85,208.33,0.387,Jan 2018,2018-01-31
AARTIIND.NS,0.781774,277.26,216.75,256.78,200.75,0.373,Jan 2018,2018-01-31
SONATSOFTW.NS,117.292647,109.87,12887.06,120.45,14127.9,22.349,Feb 2018,2018-02-28
CEATLTD.NS,6.867959,1876.4,12887.06,1602.45,11005.56,17.41,Feb 2018,2018-02-28
MRF.NS,0.180395,71438.07,12887.06,73391.6,13239.47,20.944,Feb 2018,2018-02-28
SRF.NS,33.677529,361.26,12166.34,379.75,12789.04,20.231,Feb 2018,2018-02-28
FINCABLES.NS,16.811309,723.7,12166.34,716.95,12052.87,19.067,Feb 2018,2018-02-28
SONATSOFTW.NS,117.292647,109.87,12887.06,117.34,13762.83,22.305,Mar 2018,2018-03-28
CEATLTD.NS,6.867959,1876.4,12887.06,1506.3,10345.21,16.766,Mar 2018,2018-03-28
MRF.NS,0.180395,71438.07,12887.06,72513.25,13081.02,21.2,Mar 2018,2018-03-28
SRF.NS,33.677529,361.26,12166.34,391.03,13168.92,21.342,Mar 2018,2018-03-28
FINCABLES.NS,16.811309,723.7,12166.34,674.85,11345.11,18.387,Mar 2018,2018-03-28
CEATLTD.NS,10.138466,1767.51,17919.88,1590.4,16124.22,22.813,Apr 2018,2018-04-30
SRF.NS,33.677529,361.26,12166.34,478.49,16114.36,22.799,Apr 2018,2018-04-30
FINCABLES.NS,16.811309,723.7,12166.34,699.85,11765.39,16.646,Apr 2018,2018-04-30
APLAPOLLO.NS,24.574312,204.8,5032.82,219.42,5392.1,7.629,Apr 2018,2018-04-30
AARTIIND.NS,17.852589,281.91,5032.82,326.45,5827.99,8.246,Apr 2018,2018-04-30
NAVINFLUOR.NS,6.466841,778.25,5032.82,772.0,4992.4,7.063,Apr 2018,2018-04-30
EICHERMOT.NS,1.779089,2828.88,5032.82,3118.86,5548.73,7.85,Apr 2018,2018-04-30
JKTYRE.NS,31.425659,160.15,5032.82,156.4,4914.97,6.954,Apr 2018,2018-04-30
SRF.NS,41.985778,382.77,16070.72,386.44,16224.98,26.448,May 2018,2018-05-31
FINCABLES.NS,16.811309,723.7,12166.34,685.1,11517.43,18.774,May 2018,2018-05-31
APLAPOLLO.NS,42.604645,209.77,8937.2,187.35,7981.98,13.011,May 2018,2018-05-31
NAVINFLUOR.NS,11.56494,772.78,8937.2,688.9,7967.09,12.987,May 2018,2018-05-31
EICHERMOT.NS,3.058279,2922.3,8937.2,3078.06,9413.58,15.345,May 2018,2018-05-31
BAJFINANCE.NS,20.49435,190.51,3904.38,210.99,4324.1,7.049,May 2018,2018-05-31
HERITGFOOD.NS,10.784001,362.05,3904.38,363.3,3917.78,6.386,May 2018,2018-05-31
SRF.NS,41.985778,382.77,16070.72,339.32,14246.61,25.935,Jun 2018,2018-06-29
FINCABLES.NS,16.811309,723.7,12166.34,581.45,9774.94,17.795,Jun 2018,2018-06-29
NAVINFLUOR.NS,13.294709,760.71,10113.44,630.15,8377.66,15.251,Jun 2018,2018-06-29
EICHERMOT.NS,3.058279,2922.3,8937.2,2859.04,8743.76,15.918,Jun 2018,2018-06-29
BAJFINANCE.NS,26.156443,194.24,5080.62,229.63,6006.43,10.934,Jun 2018,2018-06-29
HERITGFOOD.NS,14.026912,362.21,5080.62,309.54,4341.91,7.904,Jun 2018,2018-06-29
AARTIIND.NS,3.943159,298.3,1176.24,298.64,1177.58,2.144,Jun 2018,2018-06-29
GHCL.NS,4.237187,277.6,1176.24,273.6,1159.29,2.11,Jun 2018,2018-06-29
CHAMBLFERT.NS,7.13307,164.9,1176.24,154.65,1103.13,2.008,Jun 2018,2018-06-29
FINCABLES.NS,16.811309,723.7,12166.34,619.5,10414.61,18.133,Jul 2018,2018-07-31
NAVINFLUOR.NS,13.294709,760.71,10113.44,670.2,8910.11,15.514,Jul 2018,2018-07-31
EICHERMOT.NS,3.058279,2922.3,8937.2,2779.85,8501.57,14.802,Jul 2018,2018-07-31
BAJFINANCE.NS,36.69298,204.5,7503.55,269.79,9899.4,17.236,Jul 2018,2018-07-31
HERITGFOOD.NS,22.003363,341.02,7503.55,313.04,6887.94,11.993,Jul 2018,2018-07-31
AARTIIND.NS,12.245177,293.93,3599.17,297.55,3643.51,6.344,Jul 2018,2018-07-31
GHCL.NS,4.237187,277.6,1176.24,247.85,1050.19,1.829,Jul 2018,2018-07-31
CHAMBLFERT.NS,22.825618,157.68,3599.17,146.5,3343.95,5.822,Jul 2018,2018-07-31
AVANTIFEED.NS,4.754571,509.6,2422.93,484.1,2301.69,4.008,Jul 2018,2018-07-31
KEC.NS,7.455167,325.0,2422.93,332.75,2480.71,4.319,Jul 2018,2018-07-31
BAJFINANCE.NS,62.993572,232.8,14664.68,285.66,17994.74,29.798,Aug 2018,2018-08-31
AARTIIND.NS,36.060564,298.4,10760.3,334.12,12048.45,19.951,Aug 2018,2018-08-31
KNRCON.NS,63.010339,113.65,7161.13,120.5,7592.75,12.573,Aug 2018,2018-08-31
IGL.NS,45.677726,156.77,7161.13,145.2,6632.41,10.983,Aug 2018,2018-08-31
NAUKRI.NS,26.068893,274.7,7161.13,327.6,8540.17,14.142,Aug 2018,2018-08-31
IIFL.NS,18.850082,379.9,7161.13,402.16,7580.68,12.553,Aug 2018,2018-08-31
BAJFINANCE.NS,74.364195,238.85,17762.09,216.8,16122.16,36.389,Sep 2018,2018-09-28
AARTIIND.NS,45.46958,304.77,13857.71,282.41,12840.97,28.983,Sep 2018,2018-09-28
IIFL.NS,26.595933,385.72,10258.54,282.82,7521.91,16.978,Sep 2018,2018-09-28
CHAMBLFERT.NS,18.558506,166.9,3097.41,151.55,2812.54,6.348,Sep 2018,2018-09-28
NILKAMAL.NS,1.60621,1928.4,3097.41,1699.45,2729.67,6.161,Sep 2018,2018-09-28
ESCORTS.NS,3.723078,831.95,3097.41,611.8,2277.78,5.141,Sep 2018,2018-09-28
BAJFINANCE.NS,76.378166,238.38,18206.88,238.26,18197.48,39.147,Oct 2018,2018-10-31
AARTIIND.NS,47.076848,303.81,14302.5,315.47,14851.2,31.948,Oct 2018,2018-10-31
IIFL.NS,26.595933,385.72,10258.54,255.32,6790.46,14.608,Oct 2018,2018-10-31
NILKAMAL.NS,1.876112,1888.05,3542.2,1592.9,2988.46,6.429,Oct 2018,2018-10-31
ESCORTS.NS,4.437822,798.18,3542.2,627.0,2782.51,5.986,Oct 2018,2018-10-31
MRF.NS,0.007057,63025.65,444.79,64498.55,455.18,0.979,Oct 2018,2018-10-31
NAVINFLUOR.NS,0.644663,689.95,444.79,651.1,419.74,0.903,Oct 2018,2018-10-31
AARTIIND.NS,67.475897,309.31,20870.82,348.92,23543.38,45.736,Nov 2018,2018-11-30
NAVINFLUOR.NS,10.922927,642.05,7013.11,705.35,7704.49,14.967,Nov 2018,2018-11-30
KPRMILL.NS,55.824612,117.66,6568.32,116.41,6498.54,12.624,Nov 2018,2018-11-30
IOC.NS,69.457075,94.57,6568.32,89.73,6232.61,12.108,Nov 2018,2018-11-30
MARUTI.NS,0.978631,6711.75,6568.32,7661.6,7497.88,14.566,Nov 2018,2018-11-30
AARTIIND.NS,70.421599,311.17,21913.44,350.81,24704.65,48.349,Dec 2018,2018-12-31
NAVINFLUOR.NS,10.922927,642.05,7013.11,698.9,7634.03,14.94,Dec 2018,2018-12-31
IOC.NS,69.457075,94.57,6568.32,91.37,6346.06,12.42,Dec 2018,2018-12-31
MARUTI.NS,0.978631,6711.75,6568.32,7465.5,7305.97,14.298,Dec 2018,2018-12-31
SRF.NS,2.431138,428.86,1042.62,399.93,972.28,1.903,Dec 2018,2018-12-31
EICHERMOT.NS,0.4424,2356.73,1042.62,2315.83,1024.53,2.005,Dec 2018,2018-12-31
BAJFINANCE.NS,4.15609,250.87,1042.62,264.52,1099.35,2.152,Dec 2018,2018-12-31
SONATSOFTW.NS,9.221604,113.06,1042.62,113.49,1046.59,2.048,Dec 2018,2018-12-31
BLUESTARCO.NS,3.093362,337.05,1042.62,311.45,963.43,1.885,Dec 2018,2018-12-31
AARTIIND.NS,80.586454,316.32,25491.48,395.02,31833.55,59.604,Jan 2019,2019-01-31
SRF.NS,11.425717,404.41,4620.66,402.27,4596.22,8.606,Jan 2019,2019-01-31
BAJFINANCE.NS,17.623331,262.19,4620.66,257.48,4537.74,8.496,Jan 2019,2019-01-31
SONATSOFTW.NS,40.768803,113.34,4620.66,120.39,4908.31,9.19,Jan 2019,2019-01-31
HINDPETRO.NS,20.90793,171.13,3578.04,155.67,3254.67,6.094,Jan 2019,2019-01-31
CHAMBLFERT.NS,24.299108,147.25,3578.04,176.05,4277.86,8.01,Jan 2019,2019-01-31
AARTIIND.NS,84.751809,320.27,27143.68,337.79,28628.0,58.037,Feb 2019,2019-02-28
SONATSOFTW.NS,54.258858,115.61,6272.86,126.79,6879.34,13.946,Feb 2019,2019-02-28
HINDPETRO.NS,20.90793,171.13,3578.04,148.9,3113.19,6.311,Feb 2019,2019-02-28
CHAMBLFERT.NS,33.849366,154.52,5230.24,158.15,5353.28,10.853,Feb 2019,2019-02-28
KNRCON.NS,15.928605,103.72,1652.19,99.9,1591.27,3.226,Feb 2019,2019-02-28
MANAPPURAM.NS,17.614014,93.8,1652.19,113.05,1991.26,4.037,Feb 2019,2019-02-28
MUTHOOTFIN.NS,3.354369,492.55,1652.19,528.0,1771.11,3.591,Feb 2019,2019-02-28
AARTIIND.NS,90.69086,321.66,29171.67,377.92,34273.6,62.136,Mar 2019,2019-03-29
SONATSOFTW.NS,70.167032,118.3,8300.85,125.68,8818.68,15.988,Mar 2019,2019-03-29
CHAMBLFERT.NS,46.476973,156.17,7258.23,169.3,7868.55,14.265,Mar 2019,2019-03-29
SRF.NS,4.43607,457.16,2027.99,490.22,2174.65,3.943,Mar 2019,2019-03-29
DCMSHRIRAM.NS,4.914562,412.65,2027.99,411.7,2023.33,3.668,Mar 2019,2019-03-29
CHAMBLFERT.NS,91.079468,161.08,14671.17,155.2,14135.53,25.243,Apr 2019,2019-04-30
SRF.NS,4.43607,457.16,2027.99,513.53,2278.06,4.068,Apr 2019,2019-04-30
DCMSHRIRAM.NS,22.955288,411.27,9440.93,434.95,9984.4,17.83,Apr 2019,2019-04-30
BPCL.NS,37.830746,195.95,7412.93,189.93,7185.0,12.831,Apr 2019,2019-04-30
DEEPAKNTR.NS,27.243419,272.1,7412.93,264.1,7194.99,12.849,Apr 2019,2019-04-30
HONAUT.NS,0.334245,22178.15,7412.93,24049.35,8038.37,14.355,Apr 2019,2019-04-30
KEI.NS,17.603739,421.1,7412.93,407.95,7181.45,12.825,Apr 2019,2019-04-30
SRF.NS,15.214929,501.3,7627.18,569.37,8662.92,11.973,May 2019,2019-05-31
DCMSHRIRAM.NS,35.060329,428.98,15040.11,555.0,19458.48,26.894,May 2019,2019-05-31
DEEPAKNTR.NS,48.229876,269.79,13012.12,315.15,15199.65,21.008,May 2019,2019-05-31
KEI.NS,31.197297,417.09,13012.12,525.7,16400.42,22.668,May 2019,2019-05-31
BAJFINANCE.NS,17.878779,313.17,5599.19,346.71,6198.75,8.567,May 2019,2019-05-31
MANAPPURAM.NS,47.713562,117.35,5599.19,134.8,6431.79,8.89,May 2019,2019-05-31
SRF.NS,26.959187,531.98,14341.72,608.53,16405.48,23.114,Jun 2019,2019-06-28
KEI.NS,31.197297,417.09,13012.12,480.1,14977.82,21.102,Jun 2019,2019-06-28
MANAPPURAM.NS,97.635826,126.12,12313.73,138.2,13493.27,19.011,Jun 2019,2019-06-28
CHAMBLFERT.NS,36.903241,181.95,6714.54,175.1,6461.76,9.104,Jun 2019,2019-06-28
BLUESTARCO.NS,16.779021,400.17,6714.54,387.85,6507.74,9.169,Jun 2019,2019-06-28
NAVINFLUOR.NS,9.113117,736.8,6714.54,707.0,6442.97,9.078,Jun 2019,2019-06-28
LT.NS,4.305851,1559.4,6714.54,1553.2,6687.85,9.423,Jun 2019,2019-06-28
SRF.NS,30.173704,539.66,16283.65,540.36,16304.66,26.681,Jul 2019,2019-07-31
KEI.NS,31.197297,417.09,13012.12,438.55,13681.57,22.389,Jul 2019,2019-07-31
MANAPPURAM.NS,111.925167,127.37,14255.65,113.55,12709.1,20.798,Jul 2019,2019-07-31
CHAMBLFERT.NS,47.511934,182.2,8656.47,149.85,7119.66,11.651,Jul 2019,2019-07-31
NAVINFLUOR.NS,9.113117,736.8,6714.54,622.8,5675.65,9.288,Jul 2019,2019-07-31
BAJFINANCE.NS,5.249855,369.9,1941.92,325.2,1707.28,2.794,Jul 2019,2019-07-31
KNRCON.NS,13.575123,143.05,1941.92,134.12,1820.76,2.98,Jul 2019,2019-07-31
TORNTPHARM.NS,2.501831,776.2,1941.92,835.42,2090.09,3.42,Jul 2019,2019-07-31
KEI.NS,31.197297,417.09,13012.12,470.5,14678.33,23.33,Aug 2019,2019-08-30
CHAMBLFERT.NS,100.210147,163.9,16424.18,154.9,15522.55,24.672,Aug 2019,2019-08-30
BAJFINANCE.NS,29.357476,330.74,9709.64,333.25,9783.38,15.55,Aug 2019,2019-08-30
KNRCON.NS,73.292336,132.48,9709.64,106.03,7770.82,12.351,Aug 2019,2019-08-30
APLAPOLLO.NS,56.090669,138.49,7767.72,132.52,7433.42,11.815,Aug 2019,2019-08-30
JKPAPER.NS,71.923299,108.0,7767.72,107.45,7728.16,12.283,Aug 2019,2019-08-30
KEI.NS,36.614823,425.53,15580.84,543.4,19896.5,26.943,Sep 2019,2019-09-30
BAJFINANCE.NS,37.240613,329.7,12278.36,404.61,15067.74,20.404,Sep 2019,2019-09-30
KNRCON.NS,97.104342,126.44,12278.36,115.6,11225.26,15.201,Sep 2019,2019-09-30
APLAPOLLO.NS,76.128268,135.78,10336.44,136.24,10371.33,14.044,Sep 2019,2019-09-30
JKPAPER.NS,97.032977,106.52,10336.44,150.0,14554.95,19.71,Sep 2019,2019-09-30
IGL.NS,15.622442,164.43,2568.72,174.85,2731.58,3.699,Sep 2019,2019-09-30
KEI.NS,36.614823,425.53,15580.84,590.45,21619.22,29.206,Oct 2019,2019-10-31
BAJFINANCE.NS,46.194069,343.18,15852.94,402.76,18604.89,25.134,Oct 2019,2019-10-31
APLAPOLLO.NS,102.399371,135.85,13911.01,145.29,14878.12,20.099,Oct 2019,2019-10-31
JKPAPER.NS,122.712416,113.36,13911.01,121.5,14909.56,20.142,Oct 2019,2019-10-31
RELIANCE.NS,5.99202,596.56,3574.58,669.45,4011.37,5.419,Oct 2019,2019-10-31
KEI.NS,36.614823,425.53,15580.84,519.05,19004.92,26.087,Nov 2019,2019-11-29
BAJFINANCE.NS,58.768447,356.83,20970.52,407.42,23943.44,32.866,Nov 2019,2019-11-29
RELIANCE.NS,13.675552,635.6,8692.16,709.13,9697.79,13.311,Nov 2019,2019-11-29
TRIDENT.NS,822.762604,6.22,5117.58,6.57,5401.44,7.414,Nov 2019,2019-11-29
KPRMILL.NS,38.985168,131.27,5117.58,131.64,5132.01,7.044,Nov 2019,2019-11-29
IOC.NS,53.812653,95.1,5117.58,87.6,4713.99,6.471,Nov 2019,2019-11-29
ESCORTS.NS,7.782805,657.55,5117.58,637.2,4959.2,6.807,Nov 2019,2019-11-29
KEI.NS,36.614823,425.53,15580.84,458.25,16778.74,23.266,Dec 2019,2019-12-31
BAJFINANCE.NS,69.153943,362.57,25073.26,423.48,29284.97,40.608,Dec 2019,2019-12-31
ESCORTS.NS,7.782805,657.55,5117.58,629.6,4900.05,6.795,Dec 2019,2019-12-31
GARFIBRES.NS,17.018866,241.07,4102.74,240.7,4096.44,5.68,Dec 2019,2019-12-31
EICHERMOT.NS,1.889522,2171.31,4102.74,2251.52,4254.31,5.899,Dec 2019,2019-12-31
SRF.NS,6.336373,647.49,4102.74,687.22,4354.48,6.038,Dec 2019,2019-12-31
MUTHOOTFIN.NS,6.05928,677.1,4102.74,761.45,4613.84,6.398,Dec 2019,2019-12-31
HEIDELBERG.NS,21.916337,187.2,4102.74,174.95,3834.26,5.317,Dec 2019,2019-12-31
KEI.NS,36.614823,425.53,15580.84,566.85,20755.11,25.55,Jan 2020,2020-01-31
BAJFINANCE.NS,74.373083,366.82,27281.63,436.59,32470.54,39.972,Jan 2020,2020-01-31
ESCORTS.NS,7.782805,657.55,5117.58,803.65,6254.65,7.7,Jan 2020,2020-01-31
GARFIBRES.NS,17.018866,241.07,4102.74,298.67,5083.03,6.257,Jan 2020,2020-01-31
HEIDELBERG.NS,34.539228,182.72,6311.11,200.25,6916.48,8.514,Jan 2020,2020-01-31
CHOLAFIN.NS,7.291975,302.85,2208.37,327.55,2388.49,2.94,Jan 2020,2020-01-31
AARTIIND.NS,5.271842,418.9,2208.37,492.55,2596.65,3.197,Jan 2020,2020-01-31
RELIANCE.NS,3.199902,690.14,2208.37,645.36,2065.09,2.542,Jan 2020,2020-01-31
CANFINHOME.NS,5.585873,395.35,2208.37,484.05,2703.84,3.328,Jan 2020,2020-01-31
KEI.NS,36.614823,425.53,15580.84,490.5,17959.57,22.684,Feb 2020,2020-02-28
BAJFINANCE.NS,78.022198,370.05,28872.41,446.58,34843.54,44.009,Feb 2020,2020-02-28
ESCORTS.NS,7.782805,657.55,5117.58,780.1,6071.37,7.668,Feb 2020,2020-02-28
GARFIBRES.NS,22.51264,252.9,5693.52,314.68,7084.28,8.948,Feb 2020,2020-02-28
HEIDELBERG.NS,34.539228,182.72,6311.11,200.9,6938.93,8.764,Feb 2020,2020-02-28
KNRCON.NS,11.292117,140.88,1590.78,132.65,1497.9,1.892,Feb 2020,2020-02-28
CHAMBLFERT.NS,9.385115,169.5,1590.78,140.9,1322.36,1.67,Feb 2020,2020-02-28
SONATSOFTW.NS,12.612077,126.13,1590.78,125.61,1584.16,2.001,Feb 2020,2020-02-28
MUTHOOTFIN.NS,2.125713,748.35,1590.78,880.25,1871.16,2.363,Feb 2020,2020-02-28
KEI.NS,36.614823,425.53,15580.84,268.35,9825.59,21.726,Mar 2020,2020-03-31
BAJFINANCE.NS,79.241186,371.07,29403.98,221.58,17558.26,38.825,Mar 2020,2020-03-31
ESCORTS.NS,8.412403,671.53,5649.15,662.6,5574.06,12.325,Mar 2020,2020-03-31
GARFIBRES.NS,24.25207,256.68,6225.09,214.85,5210.56,11.522,Mar 2020,2020-03-31
HEIDELBERG.NS,34.539228,182.72,6311.11,141.85,4899.39,10.834,Mar 2020,2020-03-31
CHAMBLFERT.NS,9.385115,169.5,1590.78,108.45,1017.82,2.251,Mar 2020,2020-03-31
CHOLAFIN.NS,1.760166,302.0,531.57,152.85,269.04,0.595,Mar 2020,2020-03-31
RELIANCE.NS,0.883448,601.7,531.57,509.17,449.82,0.995,Mar 2020,2020-03-31
AARTIIND.NS,1.094892,485.5,531.57,383.38,419.75,0.928,Mar 2020,2020-03-31
KEI.NS,36.614823,425.53,15580.84,290.5,10636.61,20.61,Apr 2020,2020-04-30
BAJFINANCE.NS,85.019071,360.93,30686.29,231.81,19708.27,38.188,Apr 2020,2020-04-30
ESCORTS.NS,10.553878,656.77,6931.47,713.35,7528.61,14.588,Apr 2020,2020-04-30
HEIDELBERG.NS,34.539228,182.72,6311.11,155.9,5384.67,10.434,Apr 2020,2020-04-30
RELIANCE.NS,3.479514,521.3,1813.88,670.21,2331.99,4.519,Apr 2020,2020-04-30
AARTIIND.NS,4.317599,420.11,1813.88,551.2,2379.86,4.611,Apr 2020,2020-04-30
SRF.NS,2.414951,530.99,1282.31,743.75,1796.12,3.48,Apr 2020,2020-04-30
MANAPPURAM.NS,13.729282,93.4,1282.31,134.15,1841.78,3.569,Apr 2020,2020-04-30
KEI.NS,36.614823,425.53,15580.84,279.1,10219.2,20.497,May 2020,2020-05-29
BAJFINANCE.NS,85.019071,360.93,30686.29,195.37,16609.75,33.315,May 2020,2020-05-29
ESCORTS.NS,10.553878,656.77,6931.47,903.25,9532.79,19.12,May 2020,2020-05-29
HEIDELBERG.NS,34.539228,182.72,6311.11,163.1,5633.35,11.299,May 2020,2020-05-29
RELIANCE.NS,3.479514,521.3,1813.88,675.82,2351.53,4.717,May 2020,2020-05-29
AARTIIND.NS,4.317599,420.11,1813.88,488.08,2107.31,4.227,May 2020,2020-05-29
SRF.NS,2.414951,530.99,1282.31,697.43,1684.26,3.378,May 2020,2020-05-29
MANAPPURAM.NS,13.729282,93.4,1282.31,125.2,1718.91,3.448,May 2020,2020-05-29
KEI.NS,36.614823,425.53,15580.84,348.8,12771.25,20.271,Jun 2020,2020-06-30
BAJFINANCE.NS,85.019071,360.93,30686.29,283.1,24068.9,38.203,Jun 2020,2020-06-30
HEIDELBERG.NS,34.539228,182.72,6311.11,177.1,6116.9,9.709,Jun 2020,2020-06-30
RELIANCE.NS,6.086742,598.55,3643.22,786.44,4786.87,7.598,Jun 2020,2020-06-30
AARTIIND.NS,8.040496,453.11,3643.22,465.7,3744.46,5.943,Jun 2020,2020-06-30
SRF.NS,4.882263,637.34,3111.65,721.14,3520.8,5.588,Jun 2020,2020-06-30
MANAPPURAM.NS,27.645896,112.55,3111.65,151.35,4184.21,6.641,Jun 2020,2020-06-30
APLAPOLLO.NS,11.761589,155.54,1829.34,155.29,1826.46,2.899,Jun 2020,2020-06-30
JKPAPER.NS,19.765951,92.55,1829.34,100.3,1982.52,3.147,Jun 2020,2020-06-30
KEI.NS,36.614823,425.53,15580.84,351.65,12875.6,18.116,Jul 2020,2020-07-30
RELIANCE.NS,6.086742,598.55,3643.22,973.23,5923.82,8.335,Jul 2020,2020-07-30
AARTIIND.NS,21.487485,459.39,9871.2,482.67,10371.47,14.593,Jul 2020,2020-07-30
MANAPPURAM.NS,66.988744,139.42,9339.63,164.2,10999.55,15.477,Jul 2020,2020-07-30
APLAPOLLO.NS,50.203495,160.49,8057.31,182.12,9142.81,12.864,Jul 2020,2020-07-30
JKPAPER.NS,19.765951,92.55,1829.34,95.4,1885.67,2.653,Jul 2020,2020-07-30
GARFIBRES.NS,22.876775,272.24,6227.97,338.66,7747.45,10.901,Jul 2020,2020-07-30
ALKYLAMINE.NS,7.187505,866.5,6227.97,902.94,6489.89,9.131,Jul 2020,2020-07-30
GSPL.NS,27.791043,224.1,6227.97,202.8,5636.02,7.93,Jul 2020,2020-07-30
KEI.NS,36.614823,425.53,15580.84,396.5,14517.78,17.938,Aug 2020,2020-08-31
RELIANCE.NS,6.086742,598.55,3643.22,960.24,5844.75,7.222,Aug 2020,2020-08-31
AARTIIND.NS,30.577097,473.46,14477.13,523.85,16017.81,19.791,Aug 2020,2020-08-31
JKPAPER.NS,19.765951,92.55,1829.34,95.2,1881.72,2.325,Aug 2020,2020-08-31
GARFIBRES.NS,36.560476,296.33,10833.91,360.71,13187.73,16.294,Aug 2020,2020-08-31
ALKYLAMINE.NS,12.193519,888.5,10833.91,1241.58,15139.23,18.706,Aug 2020,2020-08-31
BAJFINANCE.NS,14.509162,317.45,4605.93,348.78,5060.51,6.253,Aug 2020,2020-08-31
CHAMBLFERT.NS,29.629681,155.45,4605.93,148.4,4397.04,5.433,Aug 2020,2020-08-31
MOIL.NS,33.148139,138.95,4605.93,147.45,4887.69,6.039,Aug 2020,2020-08-31
AARTIIND.NS,45.144644,489.62,22103.61,507.48,22909.78,26.884,Sep 2020,2020-09-30
ALKYLAMINE.NS,18.216164,1013.41,18460.38,1283.58,23381.9,27.438,Sep 2020,2020-09-30
BAJFINANCE.NS,14.509162,317.45,4605.93,327.86,4756.97,5.582,Sep 2020,2020-09-30
APLAPOLLO.NS,31.786252,239.93,7626.48,291.69,9271.73,10.88,Sep 2020,2020-09-30
BHARATRAS.NS,3.275661,2328.23,7626.48,2263.5,7414.46,8.701,Sep 2020,2020-09-30
ESCORTS.NS,6.859883,1111.75,7626.48,1318.45,9044.41,10.613,Sep 2020,2020-09-30
CGCL.NS,37.852098,201.48,7626.48,222.91,8437.46,9.901,Sep 2020,2020-09-30
AARTIIND.NS,51.34542,491.78,25250.5,500.27,25686.83,31.084,Oct 2020,2020-10-30
ALKYLAMINE.NS,20.636777,1047.03,21607.28,1187.06,24497.09,29.644,Oct 2020,2020-10-30
BAJFINANCE.NS,14.509162,317.45,4605.93,330.9,4801.08,5.81,Oct 2020,2020-10-30
BHARATRAS.NS,4.663379,2310.21,10773.37,2155.06,10049.87,12.162,Oct 2020,2020-10-30
ESCORTS.NS,9.31169,1156.97,10773.37,1200.95,11182.87,13.533,Oct 2020,2020-10-30
GAEL.NS,51.864755,60.67,3146.89,57.67,2991.3,3.62,Oct 2020,2020-10-30
POLYPLEX.NS,4.404947,714.4,3146.89,778.15,3427.71,4.148,Oct 2020,2020-10-30
AARTIIND.NS,52.380576,492.04,25773.25,577.65,30257.64,29.957,Nov 2020,2020-11-27
ALKYLAMINE.NS,21.089056,1049.36,22130.03,1606.0,33869.02,33.532,Nov 2020,2020-11-27
BAJFINANCE.NS,14.509162,317.45,4605.93,490.88,7122.26,7.051,Nov 2020,2020-11-27
BHARATRAS.NS,4.908052,2301.55,11296.12,2387.0,11715.52,11.599,Nov 2020,2020-11-27
ESCORTS.NS,9.737316,1160.09,11296.12,1403.85,13669.73,13.534,Nov 2020,2020-11-27
POLYPLEX.NS,5.08566,721.57,3669.65,735.4,3739.99,3.703,Nov 2020,2020-11-27
DEEPAKNTR.NS,0.727765,718.3,522.75,865.1,629.59,0.623,Nov 2020,2020-11-27
AARTIIND.NS,56.854562,498.84,28361.34,617.4,35102.01,34.655,Dec 2020,2020-12-31
ALKYLAMINE.NS,22.720027,1087.94,24718.12,1531.98,34806.63,34.363,Dec 2020,2020-12-31
BAJFINANCE.NS,14.509162,317.45,4605.93,529.52,7682.89,7.585,Dec 2020,2020-12-31
ESCORTS.NS,9.737316,1160.09,11296.12,1260.4,12272.91,12.117,Dec 2020,2020-12-31
DEEPAKNTR.NS,0.727765,718.3,522.75,941.85,685.45,0.677,Dec 2020,2020-12-31
GARFIBRES.NS,5.87441,440.57,2588.09,453.71,2665.28,2.631,Dec 2020,2020-12-31
SRF.NS,2.538338,1019.6,2588.09,1114.78,2829.69,2.794,Dec 2020,2020-12-31
AARTIDRUGS.NS,3.670788,705.05,2588.09,705.15,2588.46,2.555,Dec 2020,2020-12-31
NOCIL.NS,18.506178,139.85,2588.09,143.55,2656.56,2.623,Dec 2020,2020-12-31
AARTIIND.NS,69.708334,523.07,36462.43,579.62,40404.69,37.25,Jan 2021,2021-01-29
BAJFINANCE.NS,14.509162,317.45,4605.93,473.45,6869.44,6.333,Jan 2021,2021-01-29
ESCORTS.NS,9.737316,1160.09,11296.12,1205.7,11740.28,10.824,Jan 2021,2021-01-29
DEEPAKNTR.NS,0.727765,718.3,522.75,971.55,707.06,0.652,Jan 2021,2021-01-29
GARFIBRES.NS,23.501952,454.82,10689.18,450.26,10581.99,9.756,Jan 2021,2021-01-29
SRF.NS,9.668072,1105.62,10689.18,1073.99,10383.41,9.573,Jan 2021,2021-01-29
BHARATRAS.NS,3.362913,2408.95,8101.09,2497.51,8398.92,7.743,Jan 2021,2021-01-29
CHAMBLFERT.NS,35.570097,227.75,8101.09,237.75,8456.79,7.796,Jan 2021,2021-01-29
TRIDENT.NS,753.589731,10.75,8101.09,14.5,10927.05,10.074,Jan 2021,2021-01-29
AARTIIND.NS,69.708334,523.07,36462.43,617.5,43044.9,36.066,Feb 2021,2021-02-26
BAJFINANCE.NS,14.509162,317.45,4605.93,526.49,7638.93,6.4,Feb 2021,2021-02-26
GARFIBRES.NS,36.07607,456.49,16468.37,517.07,18653.85,15.629,Feb 2021,2021-02-26
BHARATRAS.NS,5.681685,2442.99,13880.28,2490.61,14150.87,11.857,Feb 2021,2021-02-26
CHAMBLFERT.NS,60.235867,230.43,13880.28,244.3,14715.62,12.33,Feb 2021,2021-02-26
TATACHEM.NS,11.697581,494.05,5779.19,739.5,8650.36,7.248,Feb 2021,2021-02-26
JSWSTEEL.NS,15.174452,380.85,5779.19,395.45,6000.74,5.028,Feb 2021,2021-02-26
MUTHOOTFIN.NS,4.997786,1156.35,5779.19,1299.7,6495.62,5.442,Feb 2021,2021-02-26
AARTIIND.NS,69.708334,523.07,36462.43,658.72,45918.62,37.529,Mar 2021,2021-03-31
GARFIBRES.NS,47.659225,471.75,22483.39,513.43,24469.68,19.999,Mar 2021,2021-03-31
BHARATRAS.NS,7.997535,2487.68,19895.3,2353.9,18825.4,15.386,Mar 2021,2021-03-31
JSWSTEEL.NS,30.022677,392.84,11794.21,468.45,14064.12,11.494,Mar 2021,2021-03-31
GAEL.NS,91.24029,65.93,6015.02,63.92,5832.54,4.767,Mar 2021,2021-03-31
AARTIDRUGS.NS,9.519691,631.85,6015.02,694.3,6609.52,5.402,Mar 2021,2021-03-31
POLYPLEX.NS,7.689379,782.25,6015.02,863.0,6635.93,5.423,Mar 2021,2021-03-31
AARTIIND.NS,69.708334,523.07,36462.43,802.42,55935.71,37.097,Apr 2021,2021-04-30
GARFIBRES.NS,47.659225,471.75,22483.39,524.2,24982.97,16.569,Apr 2021,2021-04-30
JSWSTEEL.NS,40.247597,422.29,16996.13,717.85,28891.74,19.161,Apr 2021,2021-04-30
GAEL.NS,168.191888,66.69,11216.94,75.12,12635.42,8.38,Apr 2021,2021-04-30
POLYPLEX.NS,13.667575,820.7,11216.94,958.4,13099.0,8.687,Apr 2021,2021-04-30
BAJFINANCE.NS,9.866805,527.22,5201.93,545.19,5379.28,3.568,Apr 2021,2021-04-30
TATACHEM.NS,6.676843,779.1,5201.93,792.45,5291.06,3.509,Apr 2021,2021-04-30
ESCORTS.NS,4.082986,1274.05,5201.93,1118.6,4567.23,3.029,Apr 2021,2021-04-30
AARTIIND.NS,83.161028,571.37,47515.5,838.7,69747.15,43.324,May 2021,2021-05-31
JSWSTEEL.NS,55.530099,505.12,28049.2,710.9,39476.35,24.521,May 2021,2021-05-31
BAJFINANCE.NS,29.77812,545.87,16255.0,562.79,16758.98,10.41,May 2021,2021-05-31
SRF.NS,8.46317,1306.02,11053.07,1302.63,11024.38,6.848,May 2021,2021-05-31
KNRCON.NS,56.021639,197.3,11053.07,219.7,12307.95,7.645,May 2021,2021-05-31
ULTRACEMCO.NS,1.7406,6350.15,11053.07,6708.0,11675.94,7.253,May 2021,2021-05-31
AARTIIND.NS,83.161028,571.37,47515.5,871.75,72495.63,42.461,Jun 2021,2021-06-30
JSWSTEEL.NS,65.866633,534.84,35227.93,683.9,45046.19,26.384,Jun 2021,2021-06-30
SRF.NS,8.46317,1306.02,11053.07,1455.14,12315.1,7.213,Jun 2021,2021-06-30
JINDALSAW.NS,132.816337,54.05,7178.72,58.5,7769.76,4.551,Jun 2021,2021-06-30
CHAMBLFERT.NS,25.569806,280.75,7178.72,306.6,7839.7,4.592,Jun 2021,2021-06-30
RATNAMANI.NS,5.620819,1277.17,7178.72,1367.17,7684.6,4.501,Jun 2021,2021-06-30
POLYPLEX.NS,6.480747,1107.7,7178.72,1387.25,8990.42,5.266,Jun 2021,2021-06-30
BIRLAMONEY.NS,154.713851,46.4,7178.72,55.55,8594.35,5.034,Jun 2021,2021-06-30
AARTIIND.NS,101.140555,621.86,62895.19,934.8,94546.19,48.82,Jul 2021,2021-07-30
JINDALSAW.NS,132.816337,54.05,7178.72,69.55,9237.38,4.77,Jul 2021,2021-07-30
CHAMBLFERT.NS,25.569806,280.75,7178.72,304.95,7797.51,4.026,Jul 2021,2021-07-30
BAJFINANCE.NS,25.773925,596.72,15379.69,622.81,16052.26,8.289,Jul 2021,2021-07-30
JKPAPER.NS,71.583373,214.85,15379.69,261.15,18694.0,9.653,Jul 2021,2021-07-30
REDINGTON.NS,110.268418,139.48,15379.69,163.62,18042.67,9.317,Jul 2021,2021-07-30
VENKEYS.NS,4.226699,3638.7,15379.69,3090.05,13060.71,6.744,Jul 2021,2021-07-30
TATACHEM.NS,21.270574,723.05,15379.69,763.15,16232.64,8.382,Jul 2021,2021-07-30
AARTIIND.NS,101.140555,621.86,62895.19,938.1,94879.95,48.784,Aug 2021,2021-08-31
JINDALSAW.NS,162.221337,56.82,9217.22,58.92,9558.89,4.915,Aug 2021,2021-08-31
CHAMBLFERT.NS,25.569806,280.75,7178.72,321.0,8207.91,4.22,Aug 2021,2021-08-31
BAJFINANCE.NS,25.773925,596.72,15379.69,752.45,19393.59,9.971,Aug 2021,2021-08-31
JKPAPER.NS,79.396718,219.38,17418.19,244.45,19408.53,9.979,Aug 2021,2021-08-31
REDINGTON.NS,122.596821,142.08,17418.19,154.25,18910.56,9.723,Aug 2021,2021-08-31
TATACHEM.NS,21.270574,723.05,15379.69,844.65,17966.19,9.238,Aug 2021,2021-08-31
TATASTEEL.NS,14.456945,141.01,2038.5,145.02,2096.62,1.078,Aug 2021,2021-08-31
PNCINFRA.NS,6.531565,312.1,2038.5,314.15,2051.89,1.055,Aug 2021,2021-08-31
POLYPLEX.NS,1.32901,1533.85,2038.5,1517.35,2016.57,1.037,Aug 2021,2021-08-31
AARTIIND.NS,101.140555,621.86,62895.19,929.85,94045.54,48.116,Sep 2021,2021-09-30
JINDALSAW.NS,162.221337,56.82,9217.22,57.03,9250.67,4.733,Sep 2021,2021-09-30
CHAMBLFERT.NS,55.406222,300.16,16630.9,338.95,18779.94,9.608,Sep 2021,2021-09-30
BAJFINANCE.NS,38.343976,647.61,24831.86,766.81,29402.54,15.043,Sep 2021,2021-09-30
PNCINFRA.NS,6.531565,312.1,2038.5,382.85,2500.61,1.279,Sep 2021,2021-09-30
POLYPLEX.NS,7.633823,1505.23,11490.68,1727.3,13185.9,6.746,Sep 2021,2021-09-30
NOCIL.NS,33.84238,279.3,9452.18,290.7,9837.98,5.033,Sep 2021,2021-09-30
VAIBHAVGBL.NS,13.134407,719.65,9452.18,699.5,9187.52,4.701,Sep 2021,2021-09-30
APLAPOLLO.NS,11.274401,838.38,9452.18,821.8,9265.3,4.74,Sep 2021,2021-09-30
AARTIIND.NS,114.187656,658.44,75185.56,964.1,110088.32,56.779,Oct 2021,2021-10-29
BAJFINANCE.NS,54.681577,678.88,37122.23,740.02,40465.46,20.871,Oct 2021,2021-10-29
NOCIL.NS,33.84238,279.3,9452.18,266.9,9032.53,4.659,Oct 2021,2021-10-29
GAEL.NS,144.465116,85.07,12290.37,82.18,11871.42,6.123,Oct 2021,2021-10-29
FACT.NS,97.503919,126.05,12290.37,115.1,11222.7,5.788,Oct 2021,2021-10-29
JUBLFOOD.NS,15.188672,809.18,12290.37,737.86,11207.11,5.78,Oct 2021,2021-10-29
AARTIIND.NS,114.187656,658.44,75185.56,937.3,107028.09,57.208,Nov 2021,2021-11-30
BAJFINANCE.NS,58.970099,683.43,40301.72,699.72,41262.85,22.055,Nov 2021,2021-11-30
FACT.NS,124.267292,124.49,15469.86,109.9,13656.98,7.3,Nov 2021,2021-11-30
JUBLFOOD.NS,19.431554,796.12,15469.86,730.2,14188.92,7.584,Nov 2021,2021-11-30
KPRMILL.NS,6.845707,464.45,3179.49,527.15,3608.71,1.929,Nov 2021,2021-11-30
CHAMBLFERT.NS,8.75651,363.1,3179.49,364.0,3187.37,1.704,Nov 2021,2021-11-30
TRIDENT.NS,79.886654,39.8,3179.49,52.0,4154.11,2.22,Nov 2021,2021-11-30
AARTIIND.NS,114.187656,658.44,75185.56,1004.6,114712.92,57.536,Dec 2021,2021-12-31
BAJFINANCE.NS,58.970099,683.43,40301.72,697.73,41145.21,20.637,Dec 2021,2021-12-31
FACT.NS,136.040727,123.56,16809.67,131.85,17936.97,8.997,Dec 2021,2021-12-31
JUBLFOOD.NS,21.2418,791.35,16809.67,718.22,15256.28,7.652,Dec 2021,2021-12-31
TRIDENT.NS,79.886654,39.8,3179.49,53.35,4261.95,2.138,Dec 2021,2021-12-31
SRF.NS,0.664361,2016.7,1339.82,2420.1,1607.82,0.806,Dec 2021,2021-12-31
JSWSTEEL.NS,2.102663,637.2,1339.82,655.95,1379.24,0.692,Dec 2021,2021-12-31
ALKYLAMINE.NS,0.430339,3113.4,1339.82,3547.7,1526.71,0.766,Dec 2021,2021-12-31
BALAMINES.NS,0.453844,2952.15,1339.82,3409.8,1547.52,0.776,Dec 2021,2021-12-31
AARTIIND.NS,114.646324,659.87,75652.19,986.9,113144.46,57.07,Jan 2022,2022-01-31
BAJFINANCE.NS,59.616432,683.84,40768.35,700.03,41732.99,21.05,Jan 2022,2022-01-31
FACT.NS,139.610934,123.75,17276.3,141.65,19775.89,9.975,Jan 2022,2022-01-31
JUBLFOOD.NS,21.2418,791.35,16809.67,676.85,14377.51,7.252,Jan 2022,2022-01-31
TRIDENT.NS,79.886654,39.8,3179.49,60.9,4865.1,2.454,Jan 2022,2022-01-31
SRF.NS,0.857781,2105.95,1806.44,2406.8,2064.51,1.041,Jan 2022,2022-01-31
ALKYLAMINE.NS,0.554463,3258.0,1806.44,3350.75,1857.87,0.937,Jan 2022,2022-01-31
SONATSOFTW.NS,1.436049,324.94,466.63,304.12,436.74,0.22,Jan 2022,2022-01-31
BAJFINANCE.NS,59.616432,683.84,40768.35,700.23,41745.21,23.381,Feb 2022,2022-02-28
FACT.NS,275.543127,130.85,36055.33,112.85,31095.04,17.416,Feb 2022,2022-02-28
JUBLFOOD.NS,21.2418,791.35,16809.67,582.1,12364.85,6.925,Feb 2022,2022-02-28
ALKYLAMINE.NS,6.151289,3346.53,20585.47,3003.3,18474.17,10.347,Feb 2022,2022-02-28
COFORGE.NS,19.598647,958.18,18779.03,907.1,17777.93,9.957,Feb 2022,2022-02-28
ESCORTS.NS,10.162639,1847.85,18779.03,1850.95,18810.54,10.535,Feb 2022,2022-02-28
POLYPLEX.NS,10.20655,1839.9,18779.03,1806.25,18435.58,10.325,Feb 2022,2022-02-28
CHOLAFIN.NS,28.71631,653.95,18779.03,690.95,19841.54,11.113,Feb 2022,2022-02-28
BAJFINANCE.NS,84.636697,683.64,57861.07,725.99,61445.82,30.566,Mar 2022,2022-03-31
ALKYLAMINE.NS,6.151289,3346.53,20585.47,2858.55,17583.77,8.747,Mar 2022,2022-03-31
POLYPLEX.NS,19.580385,1832.02,35871.75,2424.9,47480.47,23.619,Mar 2022,2022-03-31
SRF.NS,7.274891,2349.55,17092.72,2679.35,19491.98,9.696,Mar 2022,2022-03-31
JSWSTEEL.NS,26.516786,644.6,17092.72,732.65,19427.52,9.664,Mar 2022,2022-03-31
AARTIIND.NS,18.919386,903.45,17092.72,956.65,18099.23,9.003,Mar 2022,2022-03-31
RADICO.NS,19.706832,867.35,17092.72,887.95,17498.68,8.705,Mar 2022,2022-03-31
BAJFINANCE.NS,84.636697,683.64,57861.07,667.18,56467.91,28.06,Apr 2022,2022-04-29
ALKYLAMINE.NS,6.151289,3346.53,20585.47,3179.6,19558.64,9.719,Apr 2022,2022-04-29
POLYPLEX.NS,19.580385,1832.02,35871.75,2733.4,53521.02,26.596,Apr 2022,2022-04-29
SRF.NS,8.500595,2388.81,20306.33,2512.7,21359.45,10.614,Apr 2022,2022-04-29
AARTIIND.NS,22.279501,911.44,20306.33,887.95,19783.08,9.831,Apr 2022,2022-04-29
RADICO.NS,19.706832,867.35,17092.72,899.85,17733.19,8.812,Apr 2022,2022-04-29
ALOKINDS.NS,122.190636,26.3,3213.61,25.75,3146.41,1.564,Apr 2022,2022-04-29
DCMSHRIRAM.NS,2.695758,1192.1,3213.61,1186.1,3197.44,1.589,Apr 2022,2022-04-29
BIRLAMONEY.NS,51.29471,62.65,3213.61,65.6,3364.93,1.672,Apr 2022,2022-04-29
KEI.NS,2.575011,1248.0,3213.61,1207.2,3108.55,1.545,Apr 2022,2022-04-29
BAJFINANCE.NS,84.636697,683.64,57861.07,608.22,51477.31,29.151,May 2022,2022-05-31
ALKYLAMINE.NS,6.151289,3346.53,20585.47,2729.75,16791.48,9.509,May 2022,2022-05-31
SRF.NS,12.154038,2423.68,29457.48,2464.05,29948.16,16.959,May 2022,2022-05-31
AARTIIND.NS,22.279501,911.44,20306.33,760.75,16949.13,9.598,May 2022,2022-05-31
RADICO.NS,19.706832,867.35,17092.72,804.4,15852.18,8.977,May 2022,2022-05-31
KEI.NS,9.877816,1251.77,12364.76,1236.3,12211.94,6.915,May 2022,2022-05-31
JKPAPER.NS,25.409259,360.15,9151.14,336.25,8543.86,4.838,May 2022,2022-05-31
COFORGE.NS,11.115066,823.31,9151.14,782.3,8695.32,4.924,May 2022,2022-05-31
HIKAL.NS,23.990416,381.45,9151.14,330.45,7927.63,4.489,May 2022,2022-05-31
PRESTIGE.NS,19.090736,479.35,9151.14,429.15,8192.79,4.639,May 2022,2022-05-31
SRF.NS,20.145052,2413.27,48615.53,2252.2,45370.69,31.298,Jun 2022,2022-06-30
KEI.NS,24.646022,1279.02,31522.81,1152.55,28405.77,19.595,Jun 2022,2022-06-30
JKPAPER.NS,82.563362,342.88,28309.2,295.7,24413.99,16.842,Jun 2022,2022-06-30
WELCORP.NS,83.24161,230.15,19158.06,218.85,18217.43,12.567,Jun 2022,2022-06-30
CHAMBLFERT.NS,53.581476,357.55,19158.06,266.15,14260.71,9.838,Jun 2022,2022-06-30
GUJGASLTD.NS,34.125499,561.4,19158.06,418.85,14293.47,9.86,Jun 2022,2022-06-30
SRF.NS,20.145052,2413.27,48615.53,2428.3,48918.23,30.432,Jul 2022,2022-07-29
KEI.NS,29.161179,1266.46,36931.52,1238.0,36101.54,22.459,Jul 2022,2022-07-29
JKPAPER.NS,82.563362,342.88,28309.2,346.75,28628.85,17.81,Jul 2022,2022-07-29
WELCORP.NS,108.439404,226.55,24566.76,226.0,24507.31,15.246,Jul 2022,2022-07-29
JWL.NS,97.278893,55.6,5408.71,58.8,5720.0,3.558,Jul 2022,2022-07-29
USHAMART.NS,44.170734,122.45,5408.71,144.95,6402.55,3.983,Jul 2022,2022-07-29
POLYPLEX.NS,2.426952,2228.6,5408.71,2332.45,5660.74,3.522,Jul 2022,2022-07-29
NIITLTD.NS,13.145476,411.45,5408.71,365.75,4807.96,2.991,Jul 2022,2022-07-29
SRF.NS,20.145052,2413.27,48615.53,2543.4,51236.92,28.36,Aug 2022,2022-08-30
JKPAPER.NS,104.757361,348.53,36510.99,419.45,43940.48,24.322,Aug 2022,2022-08-30
WELCORP.NS,143.564851,228.25,32768.55,226.35,32495.9,17.987,Aug 2022,2022-08-30
JWL.NS,236.174608,57.63,13610.5,79.95,18882.16,10.451,Aug 2022,2022-08-30
POLYPLEX.NS,5.716089,2381.09,13610.5,2155.0,12318.17,6.818,Aug 2022,2022-08-30
NIITLTD.NS,13.145476,411.45,5408.71,347.55,4568.71,2.529,Aug 2022,2022-08-30
GHCL.NS,12.938621,633.9,8201.79,598.15,7739.24,4.284,Aug 2022,2022-08-30
RHIM.NS,15.986341,513.05,8201.79,593.2,9483.1,5.249,Aug 2022,2022-08-30
SRF.NS,20.145052,2413.27,48615.53,2503.45,50432.13,28.605,Sep 2022,2022-09-30
JWL.NS,236.174608,57.63,13610.5,71.85,16969.15,9.625,Sep 2022,2022-09-30
POLYPLEX.NS,5.716089,2381.09,13610.5,1980.95,11323.29,6.422,Sep 2022,2022-09-30
GAEL.NS,149.044322,135.48,20191.78,140.1,20881.11,11.844,Sep 2022,2022-09-30
MAITHANALL.NS,19.337082,1044.2,20191.78,970.9,18774.37,10.649,Sep 2022,2022-09-30
BAJFINANCE.NS,28.117166,718.13,20191.78,733.58,20626.05,11.699,Sep 2022,2022-09-30
CHAMBLFERT.NS,57.2654,352.6,20191.78,319.45,18293.43,10.376,Sep 2022,2022-09-30
ANDHRSUGAR.NS,135.971585,148.5,20191.78,139.8,19008.83,10.782,Sep 2022,2022-09-30
JWL.NS,442.652965,64.29,28456.29,73.5,32534.99,18.342,Oct 2022,2022-10-31
POLYPLEX.NS,5.716089,2381.09,13610.5,1677.85,9590.74,5.407,Oct 2022,2022-10-31
MAITHANALL.NS,19.337082,1044.2,20191.78,960.25,18568.43,10.468,Oct 2022,2022-10-31
BAJFINANCE.NS,28.117166,718.13,20191.78,714.41,20087.18,11.324,Oct 2022,2022-10-31
ANDHRSUGAR.NS,244.692156,143.19,35037.57,140.65,34415.95,19.402,Oct 2022,2022-10-31
GARFIBRES.NS,21.441685,692.38,14845.79,700.17,15012.82,8.464,Oct 2022,2022-10-31
ESTER.NS,91.584168,162.1,14845.79,172.95,15839.48,8.93,Oct 2022,2022-10-31
GHCL.NS,23.205618,639.75,14845.79,646.55,15003.59,8.458,Oct 2022,2022-10-31
ACE.NS,52.916752,280.55,14845.79,308.55,16327.46,9.205,Oct 2022,2022-10-31
JWL.NS,672.364212,67.3,45248.18,86.2,57957.79,31.525,Nov 2022,2022-11-30
BAJFINANCE.NS,51.408506,719.41,36983.67,672.09,34551.4,18.793,Nov 2022,2022-11-30
ACE.NS,107.720578,293.7,31637.69,339.2,36538.82,19.874,Nov 2022,2022-11-30
KPRMILL.NS,30.751565,546.05,16791.89,557.1,17131.7,9.318,Nov 2022,2022-11-30
CHOLAFIN.NS,23.667219,709.5,16791.89,714.85,16918.51,9.202,Nov 2022,2022-11-30
FACT.NS,142.183675,118.1,16791.89,145.95,20751.71,11.287,Nov 2022,2022-11-30
JWL.NS,704.063535,68.03,47896.66,91.8,64633.03,29.608,Dec 2022,2022-12-30
BAJFINANCE.NS,51.408506,719.41,36983.67,657.52,33802.12,15.484,Dec 2022,2022-12-30
ACE.NS,115.660852,296.44,34286.16,303.85,35143.55,16.099,Dec 2022,2022-12-30
CHOLAFIN.NS,27.300747,712.08,19440.37,722.9,19735.71,9.041,Dec 2022,2022-12-30
FACT.NS,160.423886,121.18,19440.37,373.35,59894.26,27.437,Dec 2022,2022-12-30
JINDALSTEL.NS,4.691725,564.5,2648.48,580.6,2724.02,1.248,Dec 2022,2022-12-30
TATACHEM.NS,2.525487,1048.7,2648.48,937.15,2366.76,1.084,Dec 2022,2022-12-30
ACE.NS,205.103832,300.98,61731.74,332.9,68279.06,29.191,Jan 2023,2023-01-31
CHOLAFIN.NS,27.300747,712.08,19440.37,706.95,19300.26,8.251,Jan 2023,2023-01-31
JINDALSTEL.NS,50.845896,591.87,30094.06,583.55,29671.12,12.685,Jan 2023,2023-01-31
TATACHEM.NS,31.68104,949.91,30094.06,973.4,30838.33,13.184,Jan 2023,2023-01-31
GPIL.NS,69.245814,396.35,27445.58,399.25,27646.39,11.82,Jan 2023,2023-01-31
PERSISTENT.NS,13.627567,2013.97,27445.58,2343.77,31939.95,13.655,Jan 2023,2023-01-31
POLYPLEX.NS,17.197555,1595.9,27445.58,1525.2,26229.71,11.214,Jan 2023,2023-01-31
TATACHEM.NS,83.660565,953.79,79794.28,975.0,81569.05,35.571,Feb 2023,2023-02-28
REFEX.NS,943.794612,52.66,49700.22,51.81,48898.0,21.324,Feb 2023,2023-02-28
JKPAPER.NS,124.499556,399.2,49700.22,388.05,48312.05,21.068,Feb 2023,2023-02-28
ULTRACEMCO.NS,6.959451,7141.4,49700.22,7261.3,50534.66,22.037,Feb 2023,2023-02-28
JKPAPER.NS,279.04906,392.25,109456.79,381.7,106513.03,45.508,Mar 2023,2023-03-31
ADANIPOWER.NS,1945.200723,30.72,59756.56,38.32,74540.09,31.848,Mar 2023,2023-03-31
COFORGE.NS,69.478722,860.07,59756.56,762.82,52999.76,22.644,Mar 2023,2023-03-31
ADANIPOWER.NS,1945.200723,30.72,59756.56,44.97,87475.68,32.022,Apr 2023,2023-04-28
REFEX.NS,545.755532,49.91,27238.66,64.78,35354.04,12.942,Apr 2023,2023-04-28
WSTCSTPAPR.NS,49.701048,548.05,27238.66,551.05,27387.76,10.026,Apr 2023,2023-04-28
HGINFRA.NS,34.413972,791.5,27238.66,880.95,30316.99,11.098,Apr 2023,2023-04-28
ASTRAMICRO.NS,113.993132,238.95,27238.66,308.0,35109.88,12.853,Apr 2023,2023-04-28
KEI.NS,16.053904,1696.7,27238.66,1895.05,30422.95,11.137,Apr 2023,2023-04-28
SONATSOFTW.NS,63.419461,429.5,27238.66,427.38,27103.89,9.922,Apr 2023,2023-04-28
KEI.NS,16.053904,1696.7,27238.66,1997.15,32062.06,9.596,May 2023,2023-05-31
SONATSOFTW.NS,162.045115,429.06,69526.87,485.88,78733.67,23.564,May 2023,2023-05-31
BAJFINANCE.NS,67.670348,624.91,42288.21,698.98,47300.56,14.157,May 2023,2023-05-31
UTTAMSUGAR.NS,153.915248,274.75,42288.21,259.1,39879.44,11.936,May 2023,2023-05-31
WELCORP.NS,184.947367,228.65,42288.21,252.65,46726.95,13.985,May 2023,2023-05-31
COFORGE.NS,51.188329,826.13,42288.21,911.02,46633.59,13.957,May 2023,2023-05-31
JBCHEPHARM.NS,40.661745,1040.0,42288.21,1052.25,42786.32,12.806,May 2023,2023-05-31
KEI.NS,42.5166,1921.58,81698.89,2315.6,98451.44,25.876,Jun 2023,2023-06-30
DLINKINDIA.NS,236.269967,230.5,54460.23,256.05,60496.92,15.901,Jun 2023,2023-06-30
PNCINFRA.NS,175.08513,311.05,54460.23,327.7,57375.4,15.08,Jun 2023,2023-06-30
NACLIND.NS,536.289767,101.55,54460.23,95.25,51081.6,13.426,Jun 2023,2023-06-30
BRIGADE.NS,95.602958,569.65,54460.23,575.2,54990.82,14.453,Jun 2023,2023-06-30
ASTRAMICRO.NS,158.1537,344.35,54460.23,367.2,58074.04,15.264,Jun 2023,2023-06-30
KEI.NS,51.220061,1984.76,101659.4,2429.55,124441.7,31.449,Jul 2023,2023-07-31
DLINKINDIA.NS,311.535868,238.88,74420.75,299.0,93149.22,23.541,Jul 2023,2023-07-31
NACLIND.NS,536.289767,101.55,54460.23,81.45,43680.8,11.039,Jul 2023,2023-07-31
BRIGADE.NS,95.602958,569.65,54460.23,591.7,56568.27,14.296,Jul 2023,2023-07-31
HGINFRA.NS,23.054421,865.8,19960.52,950.25,21907.46,5.537,Jul 2023,2023-07-31
REDINGTON.NS,104.178064,191.6,19960.52,180.3,18783.31,4.747,Jul 2023,2023-07-31
UGARSUGAR.NS,162.148805,123.1,19960.52,134.45,21800.91,5.51,Jul 2023,2023-07-31
GLOBUSSPR.NS,15.68052,1272.95,19960.52,979.3,15355.93,3.881,Jul 2023,2023-07-31
DLINKINDIA.NS,463.559131,265.6,123121.4,326.15,151189.81,35.025,Aug 2023,2023-08-31
UGARSUGAR.NS,528.181517,130.0,68661.17,106.8,56409.79,13.068,Aug 2023,2023-08-31
HCC.NS,2393.152458,20.35,48700.65,28.9,69162.11,16.022,Aug 2023,2023-08-31
GREENLAM.NS,205.20659,237.32,48700.65,219.88,45119.8,10.452,Aug 2023,2023-08-31
VOLTAMP.NS,10.438129,4665.65,48700.65,5753.75,60058.38,13.913,Aug 2023,2023-08-31
BEL.NS,373.32813,130.45,48700.65,133.2,49727.31,11.52,Aug 2023,2023-08-31
UGARSUGAR.NS,1190.646505,117.51,139909.28,108.95,129720.93,31.32,Sep 2023,2023-09-29
KOTARISUG.NS,1293.069209,55.1,71248.11,55.85,72217.91,17.437,Sep 2023,2023-09-29
CHOLAFIN.NS,63.11566,1128.85,71248.11,1217.55,76846.48,18.554,Sep 2023,2023-09-29
USHAMART.NS,198.933722,358.15,71248.11,343.8,68393.41,16.513,Sep 2023,2023-09-29
CAPLIPOINT.NS,64.989609,1096.3,71248.11,1030.85,66994.54,16.175,Sep 2023,2023-09-29
KOTARISUG.NS,2014.27585,55.15,111094.78,49.3,99303.8,26.112,Oct 2023,2023-10-31
CHOLAFIN.NS,94.896379,1170.7,111094.78,1137.3,107925.66,28.379,Oct 2023,2023-10-31
TBZ.NS,347.853914,114.55,39846.67,119.75,41655.51,10.953,Oct 2023,2023-10-31
VOLTAMP.NS,9.161101,4349.55,39846.67,4805.85,44026.88,11.577,Oct 2023,2023-10-31
BEL.NS,286.254798,139.2,39846.67,133.25,38143.45,10.03,Oct 2023,2023-10-31
ACE.NS,59.1153,674.05,39846.67,833.1,49248.95,12.95,Oct 2023,2023-10-31
CHOLAFIN.NS,159.180233,1161.93,184956.93,1117.45,177875.94,43.279,Nov 2023,2023-11-30
PERSISTENT.NS,23.784301,3105.5,73862.15,3199.98,76109.17,18.518,Nov 2023,2023-11-30
TATACOMM.NS,44.185174,1671.65,73862.15,1705.55,75360.03,18.336,Nov 2023,2023-11-30
APLAPOLLO.NS,48.383433,1526.6,73862.15,1687.65,81654.3,19.867,Nov 2023,2023-11-30
CHOLAFIN.NS,183.717384,1157.43,212639.74,1259.8,231447.17,51.999,Dec 2023,2023-12-29
APLAPOLLO.NS,48.383433,1526.6,73862.15,1536.8,74355.66,16.705,Dec 2023,2023-12-29
REFEX.NS,258.645357,107.03,27682.81,120.32,31120.21,6.992,Dec 2023,2023-12-29
HISARMETAL.NS,136.334951,203.05,27682.81,203.95,27805.51,6.247,Dec 2023,2023-12-29
KOTARISUG.NS,511.224589,54.15,27682.81,52.7,26941.54,6.053,Dec 2023,2023-12-29
JSL.NS,53.534739,517.1,27682.81,572.1,30627.22,6.881,Dec 2023,2023-12-29
INDRAMEDCO.NS,132.232202,209.35,27682.81,172.45,22803.44,5.123,Dec 2023,2023-12-29
CHOLAFIN.NS,203.021565,1163.89,236294.12,1184.15,240407.99,55.144,Jan 2024,2024-01-31
APLAPOLLO.NS,48.383433,1526.6,73862.15,1503.35,72737.23,16.684,Jan 2024,2024-01-31
JSL.NS,94.780386,541.64,51337.19,576.8,54669.33,12.54,Jan 2024,2024-01-31
ASTRAMICRO.NS,39.091686,605.1,23654.38,576.85,22550.04,5.172,Jan 2024,2024-01-31
BEL.NS,127.896073,184.95,23654.38,185.9,23775.88,5.454,Jan 2024,2024-01-31
SUPREMEIND.NS,5.284537,4476.15,23654.38,4129.95,21824.87,5.006,Jan 2024,2024-01-31
CHOLAFIN.NS,203.021565,1163.89,236294.12,1089.2,221131.08,51.44,Feb 2024,2024-02-29
JSL.NS,123.358077,546.96,67472.15,640.55,79017.01,18.381,Feb 2024,2024-02-29
ASTRAMICRO.NS,39.091686,605.1,23654.38,617.3,24131.3,5.613,Feb 2024,2024-02-29
BEL.NS,127.896073,184.95,23654.38,205.1,26231.49,6.102,Feb 2024,2024-02-29
SARDAEN.NS,65.978179,244.55,16134.96,214.2,14132.53,3.288,Feb 2024,2024-02-29
JINDALSTEL.NS,21.732054,742.45,16134.96,776.25,16869.51,3.924,Feb 2024,2024-02-29
PNCINFRA.NS,36.699566,439.65,16134.96,427.35,15683.56,3.648,Feb 2024,2024-02-29
HAL.NS,5.382717,2997.55,16134.96,3084.05,16600.57,3.862,Feb 2024,2024-02-29
ULTRACEMCO.NS,1.626131,9922.3,16134.96,9892.4,16086.34,3.742,Feb 2024,2024-02-29
CHOLAFIN.NS,203.021565,1163.89,236294.12,1156.6,234814.74,52.24,Mar 2024,2024-03-28
JSL.NS,136.253962,556.75,75858.99,694.45,94621.57,21.051,Mar 2024,2024-03-28
ASTRAMICRO.NS,39.091686,605.1,23654.38,596.45,23316.24,5.187,Mar 2024,2024-03-28
BEL.NS,127.896073,184.95,23654.38,201.5,25771.06,5.733,Mar 2024,2024-03-28
SARDAEN.NS,104.860137,233.85,24521.8,202.85,21270.88,4.732,Mar 2024,2024-03-28
HAL.NS,8.041576,3049.38,24521.8,3327.0,26754.32,5.952,Mar 2024,2024-03-28
ADANIPOWER.NS,75.672996,110.83,8386.84,106.76,8078.85,1.797,Mar 2024,2024-03-28
COFORGE.NS,6.446753,1300.94,8386.84,1100.49,7094.59,1.578,Mar 2024,2024-03-28
PERSISTENT.NS,1.950654,4299.5,8386.84,3984.55,7772.48,1.729,Mar 2024,2024-03-28
CHOLAFIN.NS,203.021565,1163.89,236294.12,1193.3,242265.64,50.289,Apr 2024,2024-04-30
JSL.NS,150.534666,572.19,86134.67,706.95,106420.48,22.091,Apr 2024,2024-04-30
ASTRAMICRO.NS,39.091686,605.1,23654.38,697.1,27250.81,5.657,Apr 2024,2024-04-30
HAL.NS,11.06086,3146.0,34797.48,3939.35,43572.6,9.045,Apr 2024,2024-04-30
ADANIPOWER.NS,167.346485,111.52,18662.52,122.49,20498.27,4.255,Apr 2024,2024-04-30
COFORGE.NS,6.446753,1300.94,8386.84,1020.65,6579.88,1.366,Apr 2024,2024-04-30
JINDALSAW.NS,43.453561,236.48,10275.68,277.5,12058.36,2.503,Apr 2024,2024-04-30
WELCORP.NS,18.623799,551.75,10275.68,564.35,10510.34,2.182,Apr 2024,2024-04-30
GRSE.NS,12.726877,807.4,10275.68,989.05,12587.52,2.613,Apr 2024,2024-04-30
JSL.NS,221.539016,624.12,138266.07,793.5,175791.21,29.777,May 2024,2024-05-31
ASTRAMICRO.NS,39.091686,605.1,23654.38,865.75,33843.63,5.733,May 2024,2024-05-31
HAL.NS,24.268043,3582.03,86928.88,4973.85,120705.61,20.446,May 2024,2024-05-31
WELCORP.NS,104.762915,595.7,62407.08,548.95,57509.6,9.741,May 2024,2024-05-31
BDL.NS,52.999257,983.63,52131.39,1557.35,82538.39,13.981,May 2024,2024-05-31
KIRLOSBROS.NS,38.348825,1359.4,52131.39,1718.6,65906.29,11.164,May 2024,2024-05-31
WABAG.NS,55.162578,945.05,52131.39,980.05,54062.08,9.158,May 2024,2024-05-31
JSL.NS,282.568228,662.83,187293.88,822.5,232412.37,36.425,Jun 2024,2024-06-28
ASTRAMICRO.NS,39.091686,605.1,23654.38,949.25,37107.78,5.816,Jun 2024,2024-06-28
HAL.NS,33.564796,4050.57,135956.69,5264.25,176693.48,27.692,Jun 2024,2024-06-28
SARDAEN.NS,213.90845,229.2,49027.82,232.58,49750.83,7.797,Jun 2024,2024-06-28
FIEMIND.NS,39.47807,1241.9,49027.82,1277.85,50447.05,7.906,Jun 2024,2024-06-28
PNCINFRA.NS,89.794535,546.0,49027.82,481.45,43231.58,6.775,Jun 2024,2024-06-28
JINDALSTEL.NS,46.364195,1057.45,49027.82,1044.4,48422.77,7.589,Jun 2024,2024-06-28
ASTRAMICRO.NS,39.091686,605.1,23654.38,894.1,34951.88,5.56,Jul 2024,2024-07-31
SARDAEN.NS,213.90845,229.2,49027.82,269.67,57684.69,9.176,Jul 2024,2024-07-31
FIEMIND.NS,39.47807,1241.9,49027.82,1356.5,53552.0,8.519,Jul 2024,2024-07-31
PNCINFRA.NS,235.837014,504.91,119077.09,506.1,119357.11,18.986,Jul 2024,2024-07-31
ELECON.NS,105.483979,664.08,70049.27,630.1,66465.45,10.573,Jul 2024,2024-07-31
HCC.NS,1449.995288,48.31,70049.27,55.75,80837.24,12.859,Jul 2024,2024-07-31
IRB.NS,1078.84297,64.93,70049.27,66.38,71613.59,11.392,Jul 2024,2024-07-31
MANINFRA.NS,359.319187,194.95,70049.27,202.79,72866.34,11.591,Jul 2024,2024-07-31
POLYCAB.NS,10.399316,6735.95,70049.27,6858.2,71320.59,11.345,Jul 2024,2024-07-31
ASTRAMICRO.NS,39.091686,605.1,23654.38,904.6,35362.34,5.563,Aug 2024,2024-08-30
FIEMIND.NS,39.47807,1241.9,49027.82,1523.3,60136.95,9.461,Aug 2024,2024-08-30
IRB.NS,2064.591586,65.1,134398.94,63.35,130791.87,20.576,Aug 2024,2024-08-30
MANINFRA.NS,684.827142,196.25,134398.94,197.2,135047.91,21.246,Aug 2024,2024-08-30
SHRIRAMFIN.NS,107.635144,597.85,64349.67,640.9,68983.37,10.852,Aug 2024,2024-08-30
RCF.NS,297.419432,216.36,64349.67,201.24,59852.69,9.416,Aug 2024,2024-08-30
GABRIEL.NS,130.659225,492.5,64349.67,548.35,71646.98,11.271,Aug 2024,2024-08-30
GUFICBIO.NS,183.489211,350.7,64349.67,402.35,73826.89,11.614,Aug 2024,2024-08-30
FIEMIND.NS,80.057534,1391.66,111412.65,1749.55,140064.66,22.58,Sep 2024,2024-09-30
MANINFRA.NS,684.827142,196.25,134398.94,190.06,130158.24,20.983,Sep 2024,2024-09-30
RCF.NS,606.392917,209.0,126734.51,181.36,109975.42,17.73,Sep 2024,2024-09-30
ASHOKLEY.NS,496.398138,125.68,62384.84,117.7,58426.06,9.419,Sep 2024,2024-09-30
ELECTCAST.NS,290.02713,215.1,62384.84,211.46,61329.14,9.887,Sep 2024,2024-09-30
TITAGARH.NS,44.686677,1396.05,62384.84,1221.85,54600.42,8.802,Sep 2024,2024-09-30
ECLERX.NS,21.854526,2854.55,62384.84,3008.05,65739.51,10.598,Sep 2024,2024-09-30
FIEMIND.NS,103.174159,1467.85,151443.71,1545.15,159419.55,28.443,Oct 2024,2024-10-31
RCF.NS,606.392917,209.0,126734.51,161.39,97865.75,17.461,Oct 2024,2024-10-31
ELECTCAST.NS,478.16953,214.18,102415.9,164.76,78783.21,14.056,Oct 2024,2024-10-31
ECLERX.NS,21.854526,2854.55,62384.84,2910.55,63608.69,11.349,Oct 2024,2024-10-31
PGEL.NS,63.335274,632.05,40031.06,637.0,40344.57,7.198,Oct 2024,2024-10-31
SARDAEN.NS,88.711488,451.25,40031.06,454.2,40292.76,7.189,Oct 2024,2024-10-31
IRB.NS,652.822232,61.32,40031.06,51.85,33848.83,6.039,Oct 2024,2024-10-31
BSE.NS,31.12109,1286.3,40031.06,1488.53,46324.78,8.265,Oct 2024,2024-10-31
FIEMIND.NS,103.174159,1467.85,151443.71,1528.1,157660.43,26.537,Nov 2024,2024-11-29
ELECTCAST.NS,478.16953,214.18,102415.9,152.57,72954.33,12.28,Nov 2024,2024-11-29
PGEL.NS,121.848717,628.95,76637.07,723.0,88096.62,14.828,Nov 2024,2024-11-29
SARDAEN.NS,173.310535,442.2,76637.07,447.0,77469.81,13.04,Nov 2024,2024-11-29
BSE.NS,56.002543,1368.46,76637.07,1556.92,87191.29,14.676,Nov 2024,2024-11-29
PCBL.NS,87.59514,417.9,36606.01,433.85,38003.15,6.397,Nov 2024,2024-11-29
M&M.NS,12.693011,2883.95,36606.01,2966.1,37648.74,6.337,Nov 2024,2024-11-29
IMAGICAA.NS,481.467961,76.03,36606.01,72.87,35084.57,5.905,Nov 2024,2024-11-29
FIEMIND.NS,103.174159,1467.85,151443.71,1481.95,152898.94,23.896,Dec 2024,2024-12-31
ELECTCAST.NS,478.16953,214.18,102415.9,139.29,66604.23,10.409,Dec 2024,2024-12-31
PGEL.NS,152.497902,652.91,99567.26,980.6,149539.44,23.371,Dec 2024,2024-12-31
SARDAEN.NS,223.447604,445.6,99567.26,482.65,107846.98,16.855,Dec 2024,2024-12-31
PCBL.NS,87.59514,417.9,36606.01,450.0,39417.81,6.16,Dec 2024,2024-12-31
IMAGICAA.NS,481.467961,76.03,36606.01,70.3,33847.2,5.29,Dec 2024,2024-12-31
TIMETECHNO.NS,101.9686,224.88,22930.19,246.8,25165.85,3.933,Dec 2024,2024-12-31
BANCOINDIA.NS,39.975924,573.6,22930.19,475.45,19006.55,2.97,Dec 2024,2024-12-31
PRICOLLTD.NS,46.318936,495.05,22930.19,543.1,25155.81,3.931,Dec 2024,2024-12-31
WABAG.NS,12.400059,1849.2,22930.19,1643.1,20374.54,3.184,Dec 2024,2024-12-31
FIEMIND.NS,103.174159,1467.85,151443.71,1399.25,144366.44,25.799,Jan 2025,2025-01-31
ELECTCAST.NS,478.16953,214.18,102415.9,128.3,61349.15,10.963,Jan 2025,2025-01-31
PGEL.NS,170.746249,692.54,118248.09,782.5,133608.94,23.877,Jan 2025,2025-01-31
SARDAEN.NS,262.176395,451.02,118248.09,473.2,124061.87,22.17,Jan 2025,2025-01-31
IMAGICAA.NS,481.467961,76.03,36606.01,65.45,31512.08,5.631,Jan 2025,2025-01-31
AGI.NS,16.866807,1107.55,18680.83,790.9,13339.96,2.384,Jan 2025,2025-01-31
NAVA.NS,37.361665,500.0,18680.83,441.45,16493.31,2.947,Jan 2025,2025-01-31
KIRLOSENG.NS,18.515122,1008.95,18680.83,903.45,16727.49,2.989,Jan 2025,2025-01-31
M&M.NS,6.061269,3082.0,18680.83,2989.85,18122.29,3.239,Jan 2025,2025-01-31
FIEMIND.NS,132.663285,1456.94,193282.89,1372.95,182140.05,37.354,Feb 2025,2025-02-28
SARDAEN.NS,355.975689,449.71,160087.26,453.55,161452.77,33.112,Feb 2025,2025-02-28
AGI.NS,16.866807,1107.55,18680.83,635.9,10725.6,2.2,Feb 2025,2025-02-28
BANCOINDIA.NS,93.048314,449.65,41839.17,316.1,29412.57,6.032,Feb 2025,2025-02-28
WELENT.NS,69.563842,601.45,41839.17,417.4,29035.95,5.955,Feb 2025,2025-02-28
ULTRACEMCO.NS,3.744115,11174.65,41839.17,10128.45,37922.08,7.777,Feb 2025,2025-02-28
ECLERX.NS,13.024475,3212.35,41839.17,2833.9,36910.06,7.57,Feb 2025,2025-02-28
FIEMIND.NS,138.079196,1453.75,200732.74,1407.75,194380.99,36.446,Mar 2025,2025-03-31
SARDAEN.NS,372.553027,449.7,167537.12,513.9,191455.01,35.898,Mar 2025,2025-03-31
WELENT.NS,87.350295,564.27,49289.03,483.15,42203.29,7.913,Mar 2025,2025-03-31
ULTRACEMCO.NS,3.744115,11174.65,41839.17,11509.55,43093.08,8.08,Mar 2025,2025-03-31
ECLERX.NS,13.024475,3212.35,41839.17,2777.0,36168.97,6.782,Mar 2025,2025-03-31
WABAG.NS,5.874586,1268.15,7449.86,1454.65,8545.47,1.602,Mar 2025,2025-03-31
GABRIEL.NS,16.412989,453.9,7449.86,579.6,9512.97,1.784,Mar 2025,2025-03-31
CHOLAFIN.NS,5.247301,1419.75,7449.86,1519.95,7975.64,1.495,Mar 2025,2025-03-31
FIEMIND.NS,138.079196,1453.75,200732.74,1435.2,198171.26,38.892,Apr 2025,2025-04-30
SARDAEN.NS,372.553027,449.7,167537.12,452.0,168393.97,33.048,Apr 2025,2025-04-30
ECLERX.NS,13.024475,3212.35,41839.17,2515.1,32757.86,6.429,Apr 2025,2025-04-30
WABAG.NS,5.874586,1268.15,7449.86,1285.1,7549.43,1.482,Apr 2025,2025-04-30
CHOLAFIN.NS,15.925442,1452.27,23128.04,1492.2,23763.94,4.664,Apr 2025,2025-04-30
CAPLIPOINT.NS,7.927482,1977.7,15678.18,1878.9,14894.95,2.923,Apr 2025,2025-04-30
CGPOWER.NS,25.492977,615.0,15678.18,626.8,15979.0,3.136,Apr 2025,2025-04-30
GRAVITA.NS,8.888865,1763.8,15678.18,1752.5,15577.74,3.057,Apr 2025,2025-04-30
HAL.NS,3.711954,4223.7,15678.18,4487.9,16658.88,3.269,Apr 2025,2025-04-30
KIRLOSBROS.NS,9.222731,1699.95,15678.18,1712.0,15789.32,3.099,Apr 2025,2025-04-30
FIEMIND.NS,138.079196,1453.75,200732.74,1593.3,220001.59,39.475,May 2025,2025-05-30
SARDAEN.NS,395.85638,449.84,178070.23,437.1,173028.83,31.047,May 2025,2025-05-30
WABAG.NS,14.070925,1278.02,17982.97,1628.5,22914.5,4.112,May 2025,2025-05-30
CHOLAFIN.NS,15.925442,1452.27,23128.04,1601.0,25496.63,4.575,May 2025,2025-05-30
CGPOWER.NS,25.492977,615.0,15678.18,686.7,17506.03,3.141,May 2025,2025-05-30
GRAVITA.NS,8.888865,1763.8,15678.18,1829.9,16265.73,2.919,May 2025,2025-05-30
HAL.NS,3.711954,4223.7,15678.18,4974.1,18463.63,3.313,May 2025,2025-05-30
KIRLOSBROS.NS,9.222731,1699.95,15678.18,1812.2,16713.43,2.999,May 2025,2025-05-30
TI.NS,36.749409,286.62,10533.12,371.45,13650.57,2.449,May 2025,2025-05-30
PNBHOUSING.NS,10.426762,1010.2,10533.12,1044.9,10894.92,1.955,May 2025,2025-05-30
PCBL.NS,29.287128,359.65,10533.12,398.6,11673.85,2.095,May 2025,2025-05-30
M&M.NS,3.596393,2928.8,10533.12,2976.8,10705.74,1.921,May 2025,2025-05-30
FIEMIND.NS,138.079196,1453.75,200732.74,1926.5,266009.57,43.551,Jun 2025,2025-06-30
SARDAEN.NS,415.069962,449.1,186407.97,443.35,184021.27,30.128,Jun 2025,2025-06-30
WABAG.NS,19.128082,1376.02,26320.71,1481.4,28336.34,4.639,Jun 2025,2025-06-30
CHOLAFIN.NS,21.199151,1484.29,31465.77,1628.0,34512.22,5.65,Jun 2025,2025-06-30
CGPOWER.NS,25.492977,615.0,15678.18,682.15,17390.04,2.847,Jun 2025,2025-06-30
HAL.NS,3.711954,4223.7,15678.18,4869.8,18076.47,2.959,Jun 2025,2025-06-30
TI.NS,59.520771,317.05,18870.85,346.95,20650.73,3.381,Jun 2025,2025-06-30
PCBL.NS,50.283688,375.29,18870.85,418.9,21063.84,3.449,Jun 2025,2025-06-30
M&M.NS,3.596393,2928.8,10533.12,3183.2,11448.04,1.874,Jun 2025,2025-06-30
HSCL.NS,17.957644,464.3,8337.73,517.8,9298.47,1.522,Jun 2025,2025-06-30
SARDAEN.NS,549.489831,446.19,245176.34,447.5,245896.7,38.484,Jul 2025,2025-07-31
CHOLAFIN.NS,21.199151,1484.29,31465.77,1443.2,30594.61,4.788,Jul 2025,2025-07-31
CGPOWER.NS,25.492977,615.0,15678.18,661.7,16868.7,2.64,Jul 2025,2025-07-31
TI.NS,229.76517,337.91,77639.22,492.2,113090.42,17.699,Jul 2025,2025-07-31
BANCOINDIA.NS,87.681266,670.25,58768.37,591.8,51889.77,8.121,Jul 2025,2025-07-31
WELCORP.NS,64.463738,911.65,58768.37,930.9,60009.3,9.392,Jul 2025,2025-07-31
NAVA.NS,99.095135,593.05,58768.37,629.55,62385.34,9.763,Jul 2025,2025-07-31
INDIGO.NS,9.852199,5965.0,58768.37,5910.5,58231.42,9.113,Jul 2025,2025-07-31
CHOLAFIN.NS,21.199151,1484.29,31465.77,1420.7,30117.63,4.206,Aug 2025,2025-08-29
TI.NS,361.947898,399.06,144437.76,473.8,171490.91,23.952,Aug 2025,2025-08-29
BANCOINDIA.NS,203.822342,616.06,125566.91,576.55,117513.77,16.413,Aug 2025,2025-08-29
NAVA.NS,206.678546,607.55,125566.91,687.6,142112.16,19.849,Aug 2025,2025-08-29
INDIGO.NS,9.852199,5965.0,58768.37,5646.0,55625.52,7.769,Aug 2025,2025-08-29
MAHSEAMLES.NS,99.498838,671.35,66798.54,641.45,63823.53,8.914,Aug 2025,2025-08-29
PCBL.NS,166.787872,400.5,66798.54,371.55,61970.03,8.655,Aug 2025,2025-08-29
FIEMIND.NS,34.905442,1913.7,66798.54,2100.7,73325.86,10.241,Aug 2025,2025-08-29
CHOLAFIN.NS,21.199151,1484.29,31465.77,1610.8,34147.59,4.634,Sep 2025,2025-09-30
NAVA.NS,325.817145,645.52,210322.11,650.95,212090.67,28.784,Sep 2025,2025-09-30
FIEMIND.NS,73.564084,2060.16,151553.74,1907.0,140286.71,19.039,Sep 2025,2025-09-30
JINDALSTEL.NS,88.025346,962.85,84755.2,1063.75,93636.96,12.708,Sep 2025,2025-09-30
ASHOKLEY.NS,661.994868,128.03,84755.2,142.67,94446.81,12.818,Sep 2025,2025-09-30
LT.NS,23.553581,3598.4,84755.2,3659.0,86182.55,11.696,Sep 2025,2025-09-30
SARDAEN.NS,140.976714,601.2,84755.2,539.4,76042.84,10.32,Sep 2025,2025-09-30
